dataset,model,scenario,method,sev_idx,top5_instability_seed_mean
adult,hgb,gradual,lime,1,0.2613333333333332
adult,hgb,gradual,lime,2,0.33599999999999997
adult,hgb,gradual,lime,3,0.376
adult,hgb,gradual,lime,4,0.3959999999999999
adult,hgb,gradual,lime,5,0.43600000000000005
adult,hgb,gradual,pi,1,0.08000000000000007
adult,hgb,gradual,pi,2,0.11999999999999988
adult,hgb,gradual,pi,3,0.28
adult,hgb,gradual,pi,4,0.4
adult,hgb,gradual,pi,5,0.19999999999999996
adult,hgb,gradual,shap,1,0.15500000000000003
adult,hgb,gradual,shap,2,0.18119999999999992
adult,hgb,gradual,shap,3,0.20720000000000005
adult,hgb,gradual,shap,4,0.21040000000000003
adult,hgb,gradual,shap,5,0.22019999999999995
adult,hgb,mean_shift,lime,1,0.2533333333333332
adult,hgb,mean_shift,lime,2,0.32133333333333314
adult,hgb,mean_shift,lime,3,0.3959999999999999
adult,hgb,mean_shift,lime,4,0.42000000000000004
adult,hgb,mean_shift,lime,5,0.46533333333333327
adult,hgb,mean_shift,pi,1,0.08000000000000007
adult,hgb,mean_shift,pi,2,0.15999999999999992
adult,hgb,mean_shift,pi,3,0.24
adult,hgb,mean_shift,pi,4,0.4
adult,hgb,mean_shift,pi,5,0.28
adult,hgb,mean_shift,shap,1,0.15259999999999996
adult,hgb,mean_shift,shap,2,0.1721999999999999
adult,hgb,mean_shift,shap,3,0.20839999999999992
adult,hgb,mean_shift,shap,4,0.2128
adult,hgb,mean_shift,shap,5,0.2278
adult,hgb,missing,lime,1,0.04399999999999993
adult,hgb,missing,lime,2,0.06666666666666676
adult,hgb,missing,lime,3,0.11066666666666658
adult,hgb,missing,lime,4,0.11733333333333318
adult,hgb,missing,lime,5,0.1293333333333333
adult,hgb,missing,pi,1,0.0
adult,hgb,missing,pi,2,0.040000000000000036
adult,hgb,missing,pi,3,0.11999999999999988
adult,hgb,missing,pi,4,0.11999999999999988
adult,hgb,missing,pi,5,0.11999999999999988
adult,hgb,missing,shap,1,0.03839999999999999
adult,hgb,missing,shap,2,0.07319999999999993
adult,hgb,missing,shap,3,0.10339999999999994
adult,hgb,missing,shap,4,0.1379999999999999
adult,hgb,missing,shap,5,0.16099999999999992
adult,hgb,noise,lime,1,0.18133333333333324
adult,hgb,noise,lime,2,0.22799999999999976
adult,hgb,noise,lime,3,0.2666666666666664
adult,hgb,noise,lime,4,0.31999999999999984
adult,hgb,noise,lime,5,0.364
adult,hgb,noise,pi,1,0.08000000000000007
adult,hgb,noise,pi,2,0.15999999999999992
adult,hgb,noise,pi,3,0.19999999999999996
adult,hgb,noise,pi,4,0.15999999999999992
adult,hgb,noise,pi,5,0.19999999999999996
adult,hgb,noise,shap,1,0.09819999999999995
adult,hgb,noise,shap,2,0.15359999999999996
adult,hgb,noise,shap,3,0.21319999999999995
adult,hgb,noise,shap,4,0.23840000000000006
adult,hgb,noise,shap,5,0.25760000000000005
adult,hgb,quantize,lime,1,0.1546666666666665
adult,hgb,quantize,lime,2,0.19199999999999984
adult,hgb,quantize,lime,3,0.20533333333333315
adult,hgb,quantize,lime,4,0.2626666666666664
adult,hgb,quantize,lime,5,0.32666666666666644
adult,hgb,quantize,pi,1,0.040000000000000036
adult,hgb,quantize,pi,2,0.040000000000000036
adult,hgb,quantize,pi,3,0.08000000000000007
adult,hgb,quantize,pi,4,0.08000000000000007
adult,hgb,quantize,pi,5,0.28
adult,hgb,quantize,shap,1,0.1309999999999999
adult,hgb,quantize,shap,2,0.16600000000000004
adult,hgb,quantize,shap,3,0.18099999999999983
adult,hgb,quantize,shap,4,0.20379999999999998
adult,hgb,quantize,shap,5,0.28700000000000014
adult,logreg,gradual,lime,1,0.06266666666666665
adult,logreg,gradual,lime,2,0.11199999999999988
adult,logreg,gradual,lime,3,0.16399999999999992
adult,logreg,gradual,lime,4,0.19733333333333314
adult,logreg,gradual,lime,5,0.22933333333333317
adult,logreg,gradual,pi,1,0.0
adult,logreg,gradual,pi,2,0.0
adult,logreg,gradual,pi,3,0.11999999999999988
adult,logreg,gradual,pi,4,0.11999999999999988
adult,logreg,gradual,pi,5,0.15999999999999992
adult,logreg,gradual,shap,1,0.15700000000000003
adult,logreg,gradual,shap,2,0.18059999999999987
adult,logreg,gradual,shap,3,0.19659999999999989
adult,logreg,gradual,shap,4,0.2118
adult,logreg,gradual,shap,5,0.2268
adult,logreg,mean_shift,lime,1,0.06533333333333347
adult,logreg,mean_shift,lime,2,0.09733333333333327
adult,logreg,mean_shift,lime,3,0.17333333333333323
adult,logreg,mean_shift,lime,4,0.21066666666666645
adult,logreg,mean_shift,lime,5,0.2706666666666665
adult,logreg,mean_shift,pi,1,0.0
adult,logreg,mean_shift,pi,2,0.0
adult,logreg,mean_shift,pi,3,0.0
adult,logreg,mean_shift,pi,4,0.0
adult,logreg,mean_shift,pi,5,0.0
adult,logreg,mean_shift,shap,1,0.15739999999999998
adult,logreg,mean_shift,shap,2,0.17039999999999988
adult,logreg,mean_shift,shap,3,0.2006
adult,logreg,mean_shift,shap,4,0.23420000000000007
adult,logreg,mean_shift,shap,5,0.24939999999999996
adult,logreg,missing,lime,1,0.009333333333333194
adult,logreg,missing,lime,2,0.014666666666666495
adult,logreg,missing,lime,3,0.027999999999999914
adult,logreg,missing,lime,4,0.034666666666666734
adult,logreg,missing,lime,5,0.03733333333333333
adult,logreg,missing,pi,1,0.08000000000000007
adult,logreg,missing,pi,2,0.08000000000000007
adult,logreg,missing,pi,3,0.11999999999999988
adult,logreg,missing,pi,4,0.15999999999999992
adult,logreg,missing,pi,5,0.19999999999999996
adult,logreg,missing,shap,1,0.03480000000000005
adult,logreg,missing,shap,2,0.06340000000000001
adult,logreg,missing,shap,3,0.09299999999999997
adult,logreg,missing,shap,4,0.1267999999999999
adult,logreg,missing,shap,5,0.15800000000000003
adult,logreg,noise,lime,1,0.019999999999999907
adult,logreg,noise,lime,2,0.03200000000000003
adult,logreg,noise,lime,3,0.07466666666666666
adult,logreg,noise,lime,4,0.07866666666666666
adult,logreg,noise,lime,5,0.12533333333333319
adult,logreg,noise,pi,1,0.040000000000000036
adult,logreg,noise,pi,2,0.08000000000000007
adult,logreg,noise,pi,3,0.040000000000000036
adult,logreg,noise,pi,4,0.11999999999999988
adult,logreg,noise,pi,5,0.15999999999999992
adult,logreg,noise,shap,1,0.06659999999999999
adult,logreg,noise,shap,2,0.12139999999999984
adult,logreg,noise,shap,3,0.1763999999999999
adult,logreg,noise,shap,4,0.2228000000000001
adult,logreg,noise,shap,5,0.25540000000000007
adult,logreg,quantize,lime,1,0.005333333333333412
adult,logreg,quantize,lime,2,0.017333333333333423
adult,logreg,quantize,lime,3,0.033333333333333215
adult,logreg,quantize,lime,4,0.04266666666666674
adult,logreg,quantize,lime,5,0.08533333333333337
adult,logreg,quantize,pi,1,0.0
adult,logreg,quantize,pi,2,0.0
adult,logreg,quantize,pi,3,0.040000000000000036
adult,logreg,quantize,pi,4,0.08000000000000007
adult,logreg,quantize,pi,5,0.040000000000000036
adult,logreg,quantize,shap,1,0.041000000000000036
adult,logreg,quantize,shap,2,0.06159999999999999
adult,logreg,quantize,shap,3,0.08719999999999994
adult,logreg,quantize,shap,4,0.18179999999999996
adult,logreg,quantize,shap,5,0.2694000000000001
adult,rf,gradual,lime,1,0.1439999999999999
adult,rf,gradual,lime,2,0.23333333333333317
adult,rf,gradual,lime,3,0.2546666666666665
adult,rf,gradual,lime,4,0.2959999999999998
adult,rf,gradual,lime,5,0.32666666666666644
adult,rf,gradual,pi,1,0.0
adult,rf,gradual,pi,2,0.11999999999999988
adult,rf,gradual,pi,3,0.15999999999999992
adult,rf,gradual,pi,4,0.36
adult,rf,gradual,pi,5,0.36
adult,rf,gradual,shap,1,0.10019999999999984
adult,rf,gradual,shap,2,0.15159999999999996
adult,rf,gradual,shap,3,0.2358
adult,rf,gradual,shap,4,0.23840000000000006
adult,rf,gradual,shap,5,0.24119999999999997
adult,rf,mean_shift,lime,1,0.12399999999999989
adult,rf,mean_shift,lime,2,0.20266666666666644
adult,rf,mean_shift,lime,3,0.3026666666666664
adult,rf,mean_shift,lime,4,0.31866666666666643
adult,rf,mean_shift,lime,5,0.3613333333333333
adult,rf,mean_shift,pi,1,0.0
adult,rf,mean_shift,pi,2,0.11999999999999988
adult,rf,mean_shift,pi,3,0.31999999999999995
adult,rf,mean_shift,pi,4,0.36
adult,rf,mean_shift,pi,5,0.4
adult,rf,mean_shift,shap,1,0.09759999999999991
adult,rf,mean_shift,shap,2,0.13740000000000008
adult,rf,mean_shift,shap,3,0.23659999999999992
adult,rf,mean_shift,shap,4,0.2116
adult,rf,mean_shift,shap,5,0.2106
adult,rf,missing,lime,1,0.022666666666666613
adult,rf,missing,lime,2,0.041333333333333444
adult,rf,missing,lime,3,0.06400000000000006
adult,rf,missing,lime,4,0.06266666666666665
adult,rf,missing,lime,5,0.09199999999999997
adult,rf,missing,pi,1,0.040000000000000036
adult,rf,missing,pi,2,0.15999999999999992
adult,rf,missing,pi,3,0.15999999999999992
adult,rf,missing,pi,4,0.19999999999999996
adult,rf,missing,pi,5,0.4
adult,rf,missing,shap,1,0.031000000000000028
adult,rf,missing,shap,2,0.06020000000000003
adult,rf,missing,shap,3,0.07999999999999985
adult,rf,missing,shap,4,0.10419999999999996
adult,rf,missing,shap,5,0.12460000000000004
adult,rf,noise,lime,1,0.06933333333333336
adult,rf,noise,lime,2,0.1226666666666667
adult,rf,noise,lime,3,0.17199999999999993
adult,rf,noise,lime,4,0.18933333333333324
adult,rf,noise,lime,5,0.24399999999999977
adult,rf,noise,pi,1,0.0
adult,rf,noise,pi,2,0.08000000000000007
adult,rf,noise,pi,3,0.11999999999999988
adult,rf,noise,pi,4,0.19999999999999996
adult,rf,noise,pi,5,0.32000000000000006
adult,rf,noise,shap,1,0.03420000000000001
adult,rf,noise,shap,2,0.08240000000000003
adult,rf,noise,shap,3,0.1542
adult,rf,noise,shap,4,0.19179999999999997
adult,rf,noise,shap,5,0.20720000000000005
adult,rf,quantize,lime,1,0.041333333333333444
adult,rf,quantize,lime,2,0.06133333333333335
adult,rf,quantize,lime,3,0.09599999999999986
adult,rf,quantize,lime,4,0.1466666666666665
adult,rf,quantize,lime,5,0.22266666666666646
adult,rf,quantize,pi,1,0.0
adult,rf,quantize,pi,2,0.040000000000000036
adult,rf,quantize,pi,3,0.08000000000000007
adult,rf,quantize,pi,4,0.08000000000000007
adult,rf,quantize,pi,5,0.19999999999999996
adult,rf,quantize,shap,1,0.01859999999999995
adult,rf,quantize,shap,2,0.03820000000000001
adult,rf,quantize,shap,3,0.04459999999999997
adult,rf,quantize,shap,4,0.11999999999999988
adult,rf,quantize,shap,5,0.20579999999999998
bank-marketing,hgb,gradual,lime,1,0.1426666666666664
bank-marketing,hgb,gradual,lime,2,0.23333333333333328
bank-marketing,hgb,gradual,lime,3,0.2786666666666665
bank-marketing,hgb,gradual,lime,4,0.30933333333333324
bank-marketing,hgb,gradual,lime,5,0.33866666666666656
bank-marketing,hgb,gradual,pi,1,0.15999999999999992
bank-marketing,hgb,gradual,pi,2,0.19999999999999996
bank-marketing,hgb,gradual,pi,3,0.19999999999999996
bank-marketing,hgb,gradual,pi,4,0.19999999999999996
bank-marketing,hgb,gradual,pi,5,0.19999999999999996
bank-marketing,hgb,gradual,shap,1,0.20640000000000003
bank-marketing,hgb,gradual,shap,2,0.26660000000000006
bank-marketing,hgb,gradual,shap,3,0.2792000000000001
bank-marketing,hgb,gradual,shap,4,0.3052
bank-marketing,hgb,gradual,shap,5,0.3138000000000001
bank-marketing,hgb,mean_shift,lime,1,0.12133333333333307
bank-marketing,hgb,mean_shift,lime,2,0.21733333333333316
bank-marketing,hgb,mean_shift,lime,3,0.2706666666666665
bank-marketing,hgb,mean_shift,lime,4,0.32799999999999985
bank-marketing,hgb,mean_shift,lime,5,0.3786666666666666
bank-marketing,hgb,mean_shift,pi,1,0.08000000000000007
bank-marketing,hgb,mean_shift,pi,2,0.19999999999999996
bank-marketing,hgb,mean_shift,pi,3,0.19999999999999996
bank-marketing,hgb,mean_shift,pi,4,0.19999999999999996
bank-marketing,hgb,mean_shift,pi,5,0.28
bank-marketing,hgb,mean_shift,shap,1,0.20300000000000007
bank-marketing,hgb,mean_shift,shap,2,0.25140000000000007
bank-marketing,hgb,mean_shift,shap,3,0.2852
bank-marketing,hgb,mean_shift,shap,4,0.30600000000000005
bank-marketing,hgb,mean_shift,shap,5,0.3358000000000001
bank-marketing,hgb,missing,lime,1,0.053333333333333344
bank-marketing,hgb,missing,lime,2,0.09599999999999986
bank-marketing,hgb,missing,lime,3,0.13733333333333309
bank-marketing,hgb,missing,lime,4,0.1439999999999999
bank-marketing,hgb,missing,lime,5,0.17999999999999994
bank-marketing,hgb,missing,pi,1,0.11999999999999988
bank-marketing,hgb,missing,pi,2,0.040000000000000036
bank-marketing,hgb,missing,pi,3,0.15999999999999992
bank-marketing,hgb,missing,pi,4,0.15999999999999992
bank-marketing,hgb,missing,pi,5,0.19999999999999996
bank-marketing,hgb,missing,shap,1,0.05679999999999996
bank-marketing,hgb,missing,shap,2,0.10180000000000011
bank-marketing,hgb,missing,shap,3,0.14300000000000002
bank-marketing,hgb,missing,shap,4,0.1816000000000001
bank-marketing,hgb,missing,shap,5,0.20679999999999998
bank-marketing,hgb,noise,lime,1,0.10266666666666657
bank-marketing,hgb,noise,lime,2,0.1413333333333332
bank-marketing,hgb,noise,lime,3,0.22133333333333316
bank-marketing,hgb,noise,lime,4,0.22799999999999987
bank-marketing,hgb,noise,lime,5,0.31599999999999984
bank-marketing,hgb,noise,pi,1,0.08000000000000007
bank-marketing,hgb,noise,pi,2,0.19999999999999996
bank-marketing,hgb,noise,pi,3,0.24
bank-marketing,hgb,noise,pi,4,0.32000000000000006
bank-marketing,hgb,noise,pi,5,0.28
bank-marketing,hgb,noise,shap,1,0.16379999999999995
bank-marketing,hgb,noise,shap,2,0.2300000000000001
bank-marketing,hgb,noise,shap,3,0.2812000000000001
bank-marketing,hgb,noise,shap,4,0.3108000000000001
bank-marketing,hgb,noise,shap,5,0.3278000000000001
bank-marketing,hgb,quantize,lime,1,0.08133333333333326
bank-marketing,hgb,quantize,lime,2,0.09066666666666667
bank-marketing,hgb,quantize,lime,3,0.1359999999999999
bank-marketing,hgb,quantize,lime,4,0.19199999999999984
bank-marketing,hgb,quantize,lime,5,0.2826666666666666
bank-marketing,hgb,quantize,pi,1,0.08000000000000007
bank-marketing,hgb,quantize,pi,2,0.19999999999999996
bank-marketing,hgb,quantize,pi,3,0.19999999999999996
bank-marketing,hgb,quantize,pi,4,0.19999999999999996
bank-marketing,hgb,quantize,pi,5,0.19999999999999996
bank-marketing,hgb,quantize,shap,1,0.12919999999999998
bank-marketing,hgb,quantize,shap,2,0.17680000000000007
bank-marketing,hgb,quantize,shap,3,0.24439999999999995
bank-marketing,hgb,quantize,shap,4,0.31940000000000013
bank-marketing,hgb,quantize,shap,5,0.35060000000000013
bank-marketing,logreg,gradual,lime,1,0.016000000000000014
bank-marketing,logreg,gradual,lime,2,0.040000000000000036
bank-marketing,logreg,gradual,lime,3,0.04400000000000015
bank-marketing,logreg,gradual,lime,4,0.06666666666666665
bank-marketing,logreg,gradual,lime,5,0.08399999999999996
bank-marketing,logreg,gradual,pi,1,0.0
bank-marketing,logreg,gradual,pi,2,0.0
bank-marketing,logreg,gradual,pi,3,0.0
bank-marketing,logreg,gradual,pi,4,0.0
bank-marketing,logreg,gradual,pi,5,0.040000000000000036
bank-marketing,logreg,gradual,shap,1,0.0484
bank-marketing,logreg,gradual,shap,2,0.05879999999999996
bank-marketing,logreg,gradual,shap,3,0.057800000000000074
bank-marketing,logreg,gradual,shap,4,0.04700000000000004
bank-marketing,logreg,gradual,shap,5,0.03720000000000001
bank-marketing,logreg,mean_shift,lime,1,0.012000000000000122
bank-marketing,logreg,mean_shift,lime,2,0.029333333333333322
bank-marketing,logreg,mean_shift,lime,3,0.06533333333333324
bank-marketing,logreg,mean_shift,lime,4,0.07866666666666666
bank-marketing,logreg,mean_shift,lime,5,0.11733333333333318
bank-marketing,logreg,mean_shift,pi,1,0.0
bank-marketing,logreg,mean_shift,pi,2,0.0
bank-marketing,logreg,mean_shift,pi,3,0.0
bank-marketing,logreg,mean_shift,pi,4,0.0
bank-marketing,logreg,mean_shift,pi,5,0.0
bank-marketing,logreg,mean_shift,shap,1,0.04480000000000006
bank-marketing,logreg,mean_shift,shap,2,0.06379999999999997
bank-marketing,logreg,mean_shift,shap,3,0.03820000000000001
bank-marketing,logreg,mean_shift,shap,4,0.02520000000000011
bank-marketing,logreg,mean_shift,shap,5,0.03200000000000003
bank-marketing,logreg,missing,lime,1,0.002666666666666706
bank-marketing,logreg,missing,lime,2,0.006666666666666599
bank-marketing,logreg,missing,lime,3,0.008000000000000007
bank-marketing,logreg,missing,lime,4,0.016000000000000014
bank-marketing,logreg,missing,lime,5,0.02400000000000002
bank-marketing,logreg,missing,pi,1,0.0
bank-marketing,logreg,missing,pi,2,0.08000000000000007
bank-marketing,logreg,missing,pi,3,0.0
bank-marketing,logreg,missing,pi,4,0.040000000000000036
bank-marketing,logreg,missing,pi,5,0.08000000000000007
bank-marketing,logreg,missing,shap,1,0.00979999999999992
bank-marketing,logreg,missing,shap,2,0.01739999999999997
bank-marketing,logreg,missing,shap,3,0.02400000000000002
bank-marketing,logreg,missing,shap,4,0.03599999999999992
bank-marketing,logreg,missing,shap,5,0.04280000000000006
bank-marketing,logreg,noise,lime,1,0.002666666666666706
bank-marketing,logreg,noise,lime,2,0.010666666666666602
bank-marketing,logreg,noise,lime,3,0.0173333333333332
bank-marketing,logreg,noise,lime,4,0.041333333333333444
bank-marketing,logreg,noise,lime,5,0.04399999999999993
bank-marketing,logreg,noise,pi,1,0.0
bank-marketing,logreg,noise,pi,2,0.0
bank-marketing,logreg,noise,pi,3,0.040000000000000036
bank-marketing,logreg,noise,pi,4,0.040000000000000036
bank-marketing,logreg,noise,pi,5,0.040000000000000036
bank-marketing,logreg,noise,shap,1,0.03179999999999994
bank-marketing,logreg,noise,shap,2,0.05740000000000001
bank-marketing,logreg,noise,shap,3,0.08940000000000003
bank-marketing,logreg,noise,shap,4,0.11039999999999994
bank-marketing,logreg,noise,shap,5,0.12240000000000006
bank-marketing,logreg,quantize,lime,1,0.0039999999999998925
bank-marketing,logreg,quantize,lime,2,0.0039999999999998925
bank-marketing,logreg,quantize,lime,3,0.010666666666666602
bank-marketing,logreg,quantize,lime,4,0.021333333333333315
bank-marketing,logreg,quantize,lime,5,0.04933333333333323
bank-marketing,logreg,quantize,pi,1,0.0
bank-marketing,logreg,quantize,pi,2,0.0
bank-marketing,logreg,quantize,pi,3,0.0
bank-marketing,logreg,quantize,pi,4,0.040000000000000036
bank-marketing,logreg,quantize,pi,5,0.08000000000000007
bank-marketing,logreg,quantize,shap,1,0.01859999999999995
bank-marketing,logreg,quantize,shap,2,0.03939999999999999
bank-marketing,logreg,quantize,shap,3,0.06540000000000001
bank-marketing,logreg,quantize,shap,4,0.06319999999999992
bank-marketing,logreg,quantize,shap,5,0.10019999999999984
bank-marketing,rf,gradual,lime,1,0.09199999999999997
bank-marketing,rf,gradual,lime,2,0.1613333333333331
bank-marketing,rf,gradual,lime,3,0.20266666666666644
bank-marketing,rf,gradual,lime,4,0.2533333333333332
bank-marketing,rf,gradual,lime,5,0.2679999999999998
bank-marketing,rf,gradual,pi,1,0.15999999999999992
bank-marketing,rf,gradual,pi,2,0.11999999999999988
bank-marketing,rf,gradual,pi,3,0.15999999999999992
bank-marketing,rf,gradual,pi,4,0.11999999999999988
bank-marketing,rf,gradual,pi,5,0.19999999999999996
bank-marketing,rf,gradual,shap,1,0.22980000000000012
bank-marketing,rf,gradual,shap,2,0.2914000000000001
bank-marketing,rf,gradual,shap,3,0.31620000000000004
bank-marketing,rf,gradual,shap,4,0.32800000000000007
bank-marketing,rf,gradual,shap,5,0.3368000000000001
bank-marketing,rf,mean_shift,lime,1,0.06266666666666665
bank-marketing,rf,mean_shift,lime,2,0.11866666666666659
bank-marketing,rf,mean_shift,lime,3,0.17866666666666653
bank-marketing,rf,mean_shift,lime,4,0.2653333333333332
bank-marketing,rf,mean_shift,lime,5,0.32266666666666644
bank-marketing,rf,mean_shift,pi,1,0.15999999999999992
bank-marketing,rf,mean_shift,pi,2,0.11999999999999988
bank-marketing,rf,mean_shift,pi,3,0.15999999999999992
bank-marketing,rf,mean_shift,pi,4,0.15999999999999992
bank-marketing,rf,mean_shift,pi,5,0.24
bank-marketing,rf,mean_shift,shap,1,0.20999999999999996
bank-marketing,rf,mean_shift,shap,2,0.27160000000000006
bank-marketing,rf,mean_shift,shap,3,0.30400000000000005
bank-marketing,rf,mean_shift,shap,4,0.3266000000000002
bank-marketing,rf,mean_shift,shap,5,0.365
bank-marketing,rf,missing,lime,1,0.03200000000000003
bank-marketing,rf,missing,lime,2,0.041333333333333444
bank-marketing,rf,missing,lime,3,0.06399999999999983
bank-marketing,rf,missing,lime,4,0.07066666666666666
bank-marketing,rf,missing,lime,5,0.10133333333333316
bank-marketing,rf,missing,pi,1,0.11999999999999988
bank-marketing,rf,missing,pi,2,0.11999999999999988
bank-marketing,rf,missing,pi,3,0.08000000000000007
bank-marketing,rf,missing,pi,4,0.11999999999999988
bank-marketing,rf,missing,pi,5,0.11999999999999988
bank-marketing,rf,missing,shap,1,0.03079999999999994
bank-marketing,rf,missing,shap,2,0.052999999999999936
bank-marketing,rf,missing,shap,3,0.07179999999999997
bank-marketing,rf,missing,shap,4,0.09919999999999995
bank-marketing,rf,missing,shap,5,0.1097999999999999
bank-marketing,rf,noise,lime,1,0.03866666666666663
bank-marketing,rf,noise,lime,2,0.07466666666666666
bank-marketing,rf,noise,lime,3,0.10266666666666668
bank-marketing,rf,noise,lime,4,0.1479999999999999
bank-marketing,rf,noise,lime,5,0.19733333333333325
bank-marketing,rf,noise,pi,1,0.08000000000000007
bank-marketing,rf,noise,pi,2,0.11999999999999988
bank-marketing,rf,noise,pi,3,0.040000000000000036
bank-marketing,rf,noise,pi,4,0.040000000000000036
bank-marketing,rf,noise,pi,5,0.11999999999999988
bank-marketing,rf,noise,shap,1,0.07899999999999996
bank-marketing,rf,noise,shap,2,0.16280000000000006
bank-marketing,rf,noise,shap,3,0.23199999999999998
bank-marketing,rf,noise,shap,4,0.276
bank-marketing,rf,noise,shap,5,0.2922
bank-marketing,rf,quantize,lime,1,0.03599999999999992
bank-marketing,rf,quantize,lime,2,0.053333333333333344
bank-marketing,rf,quantize,lime,3,0.07199999999999984
bank-marketing,rf,quantize,lime,4,0.11733333333333318
bank-marketing,rf,quantize,lime,5,0.16399999999999992
bank-marketing,rf,quantize,pi,1,0.08000000000000007
bank-marketing,rf,quantize,pi,2,0.11999999999999988
bank-marketing,rf,quantize,pi,3,0.15999999999999992
bank-marketing,rf,quantize,pi,4,0.11999999999999988
bank-marketing,rf,quantize,pi,5,0.11999999999999988
bank-marketing,rf,quantize,shap,1,0.03820000000000001
bank-marketing,rf,quantize,shap,2,0.1552
bank-marketing,rf,quantize,shap,3,0.28900000000000003
bank-marketing,rf,quantize,shap,4,0.3498000000000001
bank-marketing,rf,quantize,shap,5,0.4236000000000001
electricity,hgb,gradual,lime,1,0.20399999999999985
electricity,hgb,gradual,lime,2,0.2866666666666664
electricity,hgb,gradual,lime,3,0.2919999999999998
electricity,hgb,gradual,lime,4,0.2879999999999999
electricity,hgb,gradual,lime,5,0.31733333333333325
electricity,hgb,gradual,pi,1,0.15999999999999992
electricity,hgb,gradual,pi,2,0.19999999999999996
electricity,hgb,gradual,pi,3,0.11999999999999988
electricity,hgb,gradual,pi,4,0.15999999999999992
electricity,hgb,gradual,pi,5,0.28
electricity,hgb,gradual,shap,1,0.21720000000000006
electricity,hgb,gradual,shap,2,0.2238
electricity,hgb,gradual,shap,3,0.23299999999999998
electricity,hgb,gradual,shap,4,0.24119999999999997
electricity,hgb,gradual,shap,5,0.24780000000000002
electricity,hgb,mean_shift,lime,1,0.22799999999999976
electricity,hgb,mean_shift,lime,2,0.24399999999999977
electricity,hgb,mean_shift,lime,3,0.2893333333333331
electricity,hgb,mean_shift,lime,4,0.2999999999999998
electricity,hgb,mean_shift,lime,5,0.32133333333333314
electricity,hgb,mean_shift,pi,1,0.15999999999999992
electricity,hgb,mean_shift,pi,2,0.19999999999999996
electricity,hgb,mean_shift,pi,3,0.19999999999999996
electricity,hgb,mean_shift,pi,4,0.15999999999999992
electricity,hgb,mean_shift,pi,5,0.15999999999999992
electricity,hgb,mean_shift,shap,1,0.20320000000000005
electricity,hgb,mean_shift,shap,2,0.23020000000000007
electricity,hgb,mean_shift,shap,3,0.2378
electricity,hgb,mean_shift,shap,4,0.24519999999999997
electricity,hgb,mean_shift,shap,5,0.2584000000000001
electricity,hgb,missing,lime,1,0.05999999999999994
electricity,hgb,missing,lime,2,0.09333333333333316
electricity,hgb,missing,lime,3,0.1599999999999998
electricity,hgb,missing,lime,4,0.17466666666666641
electricity,hgb,missing,lime,5,0.19599999999999995
electricity,hgb,missing,pi,1,0.08000000000000007
electricity,hgb,missing,pi,2,0.11999999999999988
electricity,hgb,missing,pi,3,0.11999999999999988
electricity,hgb,missing,pi,4,0.11999999999999988
electricity,hgb,missing,pi,5,0.15999999999999992
electricity,hgb,missing,shap,1,0.05500000000000005
electricity,hgb,missing,shap,2,0.09639999999999982
electricity,hgb,missing,shap,3,0.139
electricity,hgb,missing,shap,4,0.1571999999999999
electricity,hgb,missing,shap,5,0.1734
electricity,hgb,noise,lime,1,0.1533333333333331
electricity,hgb,noise,lime,2,0.19466666666666654
electricity,hgb,noise,lime,3,0.2786666666666664
electricity,hgb,noise,lime,4,0.2799999999999997
electricity,hgb,noise,lime,5,0.2826666666666664
electricity,hgb,noise,pi,1,0.08000000000000007
electricity,hgb,noise,pi,2,0.08000000000000007
electricity,hgb,noise,pi,3,0.24
electricity,hgb,noise,pi,4,0.32000000000000006
electricity,hgb,noise,pi,5,0.19999999999999996
electricity,hgb,noise,shap,1,0.17800000000000016
electricity,hgb,noise,shap,2,0.2230000000000001
electricity,hgb,noise,shap,3,0.25060000000000004
electricity,hgb,noise,shap,4,0.27279999999999993
electricity,hgb,noise,shap,5,0.281
electricity,hgb,quantize,lime,1,0.07333333333333325
electricity,hgb,quantize,lime,2,0.10266666666666657
electricity,hgb,quantize,lime,3,0.1519999999999999
electricity,hgb,quantize,lime,4,0.23599999999999977
electricity,hgb,quantize,lime,5,0.2853333333333332
electricity,hgb,quantize,pi,1,0.11999999999999988
electricity,hgb,quantize,pi,2,0.08000000000000007
electricity,hgb,quantize,pi,3,0.08000000000000007
electricity,hgb,quantize,pi,4,0.0
electricity,hgb,quantize,pi,5,0.32000000000000006
electricity,hgb,quantize,shap,1,0.134
electricity,hgb,quantize,shap,2,0.15700000000000003
electricity,hgb,quantize,shap,3,0.18359999999999999
electricity,hgb,quantize,shap,4,0.18119999999999992
electricity,hgb,quantize,shap,5,0.2538
electricity,logreg,gradual,lime,1,0.028000000000000136
electricity,logreg,gradual,lime,2,0.06266666666666665
electricity,logreg,gradual,lime,3,0.08266666666666667
electricity,logreg,gradual,lime,4,0.08666666666666656
electricity,logreg,gradual,lime,5,0.11466666666666647
electricity,logreg,gradual,pi,1,0.0
electricity,logreg,gradual,pi,2,0.0
electricity,logreg,gradual,pi,3,0.0
electricity,logreg,gradual,pi,4,0.0
electricity,logreg,gradual,pi,5,0.040000000000000036
electricity,logreg,gradual,shap,1,0.10619999999999996
electricity,logreg,gradual,shap,2,0.14059999999999984
electricity,logreg,gradual,shap,3,0.15660000000000007
electricity,logreg,gradual,shap,4,0.16259999999999997
electricity,logreg,gradual,shap,5,0.16579999999999995
electricity,logreg,mean_shift,lime,1,0.02400000000000002
electricity,logreg,mean_shift,lime,2,0.03066666666666662
electricity,logreg,mean_shift,lime,3,0.09066666666666667
electricity,logreg,mean_shift,lime,4,0.10933333333333317
electricity,logreg,mean_shift,lime,5,0.1333333333333332
electricity,logreg,mean_shift,pi,1,0.0
electricity,logreg,mean_shift,pi,2,0.0
electricity,logreg,mean_shift,pi,3,0.0
electricity,logreg,mean_shift,pi,4,0.0
electricity,logreg,mean_shift,pi,5,0.0
electricity,logreg,mean_shift,shap,1,0.09260000000000002
electricity,logreg,mean_shift,shap,2,0.1362
electricity,logreg,mean_shift,shap,3,0.15759999999999985
electricity,logreg,mean_shift,shap,4,0.17080000000000006
electricity,logreg,mean_shift,shap,5,0.1681999999999999
electricity,logreg,missing,lime,1,0.0013333333333334085
electricity,logreg,missing,lime,2,0.016000000000000014
electricity,logreg,missing,lime,3,0.01866666666666661
electricity,logreg,missing,lime,4,0.009333333333333416
electricity,logreg,missing,lime,5,0.019999999999999907
electricity,logreg,missing,pi,1,0.08000000000000007
electricity,logreg,missing,pi,2,0.08000000000000007
electricity,logreg,missing,pi,3,0.040000000000000036
electricity,logreg,missing,pi,4,0.11999999999999988
electricity,logreg,missing,pi,5,0.08000000000000007
electricity,logreg,missing,shap,1,0.01760000000000006
electricity,logreg,missing,shap,2,0.030200000000000005
electricity,logreg,missing,shap,3,0.04179999999999995
electricity,logreg,missing,shap,4,0.04960000000000009
electricity,logreg,missing,shap,5,0.060800000000000076
electricity,logreg,noise,lime,1,0.008000000000000007
electricity,logreg,noise,lime,2,0.016000000000000014
electricity,logreg,noise,lime,3,0.04800000000000004
electricity,logreg,noise,lime,4,0.03733333333333333
electricity,logreg,noise,lime,5,0.06266666666666665
electricity,logreg,noise,pi,1,0.040000000000000036
electricity,logreg,noise,pi,2,0.08000000000000007
electricity,logreg,noise,pi,3,0.08000000000000007
electricity,logreg,noise,pi,4,0.11999999999999988
electricity,logreg,noise,pi,5,0.15999999999999992
electricity,logreg,noise,shap,1,0.043400000000000105
electricity,logreg,noise,shap,2,0.09460000000000002
electricity,logreg,noise,shap,3,0.12939999999999985
electricity,logreg,noise,shap,4,0.15859999999999985
electricity,logreg,noise,shap,5,0.17099999999999993
electricity,logreg,quantize,lime,1,0.002666666666666706
electricity,logreg,quantize,lime,2,0.009333333333333416
electricity,logreg,quantize,lime,3,0.002666666666666706
electricity,logreg,quantize,lime,4,0.01866666666666672
electricity,logreg,quantize,lime,5,0.03733333333333333
electricity,logreg,quantize,pi,1,0.0
electricity,logreg,quantize,pi,2,0.0
electricity,logreg,quantize,pi,3,0.0
electricity,logreg,quantize,pi,4,0.08000000000000007
electricity,logreg,quantize,pi,5,0.08000000000000007
electricity,logreg,quantize,shap,1,0.014600000000000057
electricity,logreg,quantize,shap,2,0.023199999999999887
electricity,logreg,quantize,shap,3,0.03160000000000007
electricity,logreg,quantize,shap,4,0.059800000000000075
electricity,logreg,quantize,shap,5,0.08279999999999998
electricity,rf,gradual,lime,1,0.11599999999999988
electricity,rf,gradual,lime,2,0.19866666666666644
electricity,rf,gradual,lime,3,0.23066666666666646
electricity,rf,gradual,lime,4,0.2679999999999998
electricity,rf,gradual,lime,5,0.2799999999999999
electricity,rf,gradual,pi,1,0.15999999999999992
electricity,rf,gradual,pi,2,0.28
electricity,rf,gradual,pi,3,0.36
electricity,rf,gradual,pi,4,0.32000000000000006
electricity,rf,gradual,pi,5,0.32000000000000006
electricity,rf,gradual,shap,1,0.15800000000000003
electricity,rf,gradual,shap,2,0.17259999999999986
electricity,rf,gradual,shap,3,0.18520000000000003
electricity,rf,gradual,shap,4,0.1894
electricity,rf,gradual,shap,5,0.19379999999999986
electricity,rf,mean_shift,lime,1,0.11599999999999999
electricity,rf,mean_shift,lime,2,0.18399999999999983
electricity,rf,mean_shift,lime,3,0.2586666666666665
electricity,rf,mean_shift,lime,4,0.2573333333333332
electricity,rf,mean_shift,lime,5,0.31733333333333325
electricity,rf,mean_shift,pi,1,0.15999999999999992
electricity,rf,mean_shift,pi,2,0.24
electricity,rf,mean_shift,pi,3,0.32000000000000006
electricity,rf,mean_shift,pi,4,0.36
electricity,rf,mean_shift,pi,5,0.4
electricity,rf,mean_shift,shap,1,0.1542
electricity,rf,mean_shift,shap,2,0.17259999999999986
electricity,rf,mean_shift,shap,3,0.1923999999999999
electricity,rf,mean_shift,shap,4,0.18159999999999987
electricity,rf,mean_shift,shap,5,0.17699999999999994
electricity,rf,missing,lime,1,0.039999999999999813
electricity,rf,missing,lime,2,0.06266666666666665
electricity,rf,missing,lime,3,0.08933333333333326
electricity,rf,missing,lime,4,0.10266666666666657
electricity,rf,missing,lime,5,0.1266666666666666
electricity,rf,missing,pi,1,0.08000000000000007
electricity,rf,missing,pi,2,0.08000000000000007
electricity,rf,missing,pi,3,0.08000000000000007
electricity,rf,missing,pi,4,0.15999999999999992
electricity,rf,missing,pi,5,0.19999999999999996
electricity,rf,missing,shap,1,0.054400000000000004
electricity,rf,missing,shap,2,0.09659999999999991
electricity,rf,missing,shap,3,0.13760000000000017
electricity,rf,missing,shap,4,0.16479999999999995
electricity,rf,missing,shap,5,0.19540000000000002
electricity,rf,noise,lime,1,0.06933333333333336
electricity,rf,noise,lime,2,0.11999999999999977
electricity,rf,noise,lime,3,0.18266666666666642
electricity,rf,noise,lime,4,0.22666666666666657
electricity,rf,noise,lime,5,0.2613333333333331
electricity,rf,noise,pi,1,0.15999999999999992
electricity,rf,noise,pi,2,0.19999999999999996
electricity,rf,noise,pi,3,0.15999999999999992
electricity,rf,noise,pi,4,0.24
electricity,rf,noise,pi,5,0.28
electricity,rf,noise,shap,1,0.1571999999999999
electricity,rf,noise,shap,2,0.18899999999999983
electricity,rf,noise,shap,3,0.2138
electricity,rf,noise,shap,4,0.22819999999999996
electricity,rf,noise,shap,5,0.2380000000000001
electricity,rf,quantize,lime,1,0.027999999999999914
electricity,rf,quantize,lime,2,0.029333333333333322
electricity,rf,quantize,lime,3,0.06933333333333314
electricity,rf,quantize,lime,4,0.11066666666666658
electricity,rf,quantize,lime,5,0.15733333333333321
electricity,rf,quantize,pi,1,0.11999999999999988
electricity,rf,quantize,pi,2,0.19999999999999996
electricity,rf,quantize,pi,3,0.15999999999999992
electricity,rf,quantize,pi,4,0.15999999999999992
electricity,rf,quantize,pi,5,0.24
electricity,rf,quantize,shap,1,0.11099999999999999
electricity,rf,quantize,shap,2,0.14800000000000002
electricity,rf,quantize,shap,3,0.1632
electricity,rf,quantize,shap,4,0.18680000000000008
electricity,rf,quantize,shap,5,0.28059999999999996
