window,model,mode,explanation_instability,explanation_instability_abs_sensitivity,importance_norm,importance_zero,previous_importance_zero,instability_status,abs_instability_status,top_feature,event_strength
0,logistic,rolling,,,0.22533855519843096,False,,no_previous,no_previous,atemp,0.0539702237459329
0,logistic,static_reference,,,0.22533855519843096,False,,no_previous,no_previous,atemp,0.0539702237459329
0,random_forest,rolling,,,0.19175025845108407,False,,no_previous,no_previous,atemp,0.0539702237459329
0,random_forest,static_reference,,,0.19175025845108407,False,,no_previous,no_previous,atemp,0.0539702237459329
0,hgb,rolling,,,0.24444661889830757,False,,no_previous,no_previous,atemp,0.0539702237459329
0,hgb,static_reference,,,0.24444661889830757,False,,no_previous,no_previous,atemp,0.0539702237459329
1,logistic,rolling,0.1361598648247344,0.13626822721651266,0.060814420281042246,False,False,regular,regular,atemp,0.7092078833384693
1,logistic,static_reference,0.08256649391239368,0.08182121728061087,0.05777001464415553,False,False,regular,regular,temp,0.7092078833384693
1,random_forest,rolling,0.014525504132705258,0.011096868318106967,0.08010147515929196,False,False,regular,regular,atemp,0.7092078833384693
1,random_forest,static_reference,0.05999357842148467,0.027844344597492077,0.0951527613538675,False,False,regular,regular,atemp,0.7092078833384693
1,hgb,rolling,0.14578630922782543,0.13355505740052087,0.05864472812893752,False,False,regular,regular,atemp,0.7092078833384693
1,hgb,static_reference,0.13156146931427914,0.11799306832759449,0.064004599500693,False,False,regular,regular,atemp,0.7092078833384693
2,logistic,rolling,0.040162639756968876,0.04549517790348223,0.020021621714099776,False,False,regular,regular,weathersit,1.6285070387195226
2,logistic,static_reference,0.31578686878686124,0.31652230713641283,0.01391870819003651,False,False,regular,regular,hum,1.6285070387195226
2,random_forest,rolling,0.5154912260322901,0.5046056701131462,0.013617470658381897,False,False,regular,regular,hum,1.6285070387195226
2,random_forest,static_reference,0.07149715312739069,0.06865085805324844,0.01834414616631812,False,False,regular,regular,atemp,1.6285070387195226
2,hgb,rolling,0.35583693101116354,0.24959630148184075,0.01839021886420759,False,False,regular,regular,hum,1.6285070387195226
2,hgb,static_reference,0.2540346799407567,0.2623380124597341,0.015767338092009205,False,False,regular,regular,atemp,1.6285070387195226
3,logistic,rolling,0.37286034569693205,0.18347142431246755,0.010532394077151678,False,False,regular,regular,hum,1.805149678053845
3,logistic,static_reference,0.13746784490316344,0.12124692174633944,0.008808426107004021,False,False,regular,regular,hum,1.805149678053845
3,random_forest,rolling,0.2578851267605947,0.26101983945701346,0.00543948239415954,False,False,regular,regular,weathersit,1.805149678053845
3,random_forest,static_reference,0.548056203557785,0.3626110213606688,0.004010816017140282,False,False,regular,regular,weathersit,1.805149678053845
3,hgb,rolling,0.4321663187586321,0.2079004619777145,0.0077352049541817855,False,False,regular,regular,weathersit,1.805149678053845
3,hgb,static_reference,0.3416123264944463,0.0646091809346333,0.007215610756979667,False,False,regular,regular,hum,1.805149678053845
4,logistic,rolling,0.181302406697061,0.06780461547007854,0.00541723706118703,False,False,regular,regular,hum,1.9037759045487475
4,logistic,static_reference,0.3802687310684274,0.10728665359570777,0.001985940704234069,False,False,regular,regular,temp,1.9037759045487475
4,random_forest,rolling,0.15954293622961946,0.30846480788952024,0.006628534580015635,False,False,regular,regular,weathersit,1.9037759045487475
4,random_forest,static_reference,0.046296476656896735,0.2079760241181784,0.0029615228600603782,False,False,regular,regular,weathersit,1.9037759045487475
4,hgb,rolling,0.3786894229055682,0.49842281885634776,0.017254097129983013,False,False,regular,regular,hum,1.9037759045487475
4,hgb,static_reference,0.25345759510022925,0.35175072608970726,0.0030030390205934153,False,False,regular,regular,windspeed,1.9037759045487475
5,logistic,rolling,1.0,1.0,0.0,True,False,one_zero,one_zero,,1.6715583657310717
5,logistic,static_reference,1.0,1.0,0.0,True,False,one_zero,one_zero,,1.6715583657310717
5,random_forest,rolling,1.0,1.0,0.0,True,False,one_zero,one_zero,,1.6715583657310717
5,random_forest,static_reference,1.0,1.0,0.0,True,False,one_zero,one_zero,,1.6715583657310717
5,hgb,rolling,1.0,1.0,0.0,True,False,one_zero,one_zero,,1.6715583657310717
5,hgb,static_reference,1.0,1.0,0.0,True,False,one_zero,one_zero,,1.6715583657310717
6,logistic,rolling,0.0,0.0,0.0,True,True,both_zero,both_zero,,1.3657047496380268
6,logistic,static_reference,0.0,0.0,0.0,True,True,both_zero,both_zero,,1.3657047496380268
6,random_forest,rolling,0.0,0.0,0.0,True,True,both_zero,both_zero,,1.3657047496380268
6,random_forest,static_reference,0.0,0.0,0.0,True,True,both_zero,both_zero,,1.3657047496380268
6,hgb,rolling,0.0,0.0,0.0,True,True,both_zero,both_zero,,1.3657047496380268
6,hgb,static_reference,0.0,0.0,0.0,True,True,both_zero,both_zero,,1.3657047496380268
7,logistic,rolling,0.0,0.0,0.0,True,True,both_zero,both_zero,,1.4382657511493098
7,logistic,static_reference,0.0,0.0,0.0,True,True,both_zero,both_zero,,1.4382657511493098
7,random_forest,rolling,0.0,0.0,0.0,True,True,both_zero,both_zero,,1.4382657511493098
7,random_forest,static_reference,0.0,0.0,0.0,True,True,both_zero,both_zero,,1.4382657511493098
7,hgb,rolling,0.0,0.0,0.0,True,True,both_zero,both_zero,,1.4382657511493098
7,hgb,static_reference,0.0,0.0,0.0,True,True,both_zero,both_zero,,1.4382657511493098
8,logistic,rolling,1.0,1.0,0.0017053634954365426,False,True,one_zero,one_zero,atemp,1.2829616293656003
8,logistic,static_reference,1.0,1.0,0.0024043148516676997,False,True,one_zero,one_zero,temp,1.2829616293656003
8,random_forest,rolling,1.0,1.0,0.0015176906149560695,False,True,one_zero,one_zero,atemp,1.2829616293656003
8,random_forest,static_reference,1.0,1.0,0.0008744320732681545,False,True,one_zero,one_zero,temp,1.2829616293656003
8,hgb,rolling,1.0,1.0,0.006246262094204118,False,True,one_zero,one_zero,atemp,1.2829616293656003
8,hgb,static_reference,1.0,1.0,0.00182796942285324,False,True,one_zero,one_zero,atemp,1.2829616293656003
9,logistic,rolling,0.06429142998276804,0.051941822938418314,0.017841962120242444,False,False,regular,regular,atemp,0.437294202472348
9,logistic,static_reference,0.040821429295358924,0.038975843318755254,0.019528083804484696,False,False,regular,regular,temp,0.437294202472348
9,random_forest,rolling,0.16476140701911768,0.12016378523961735,0.020128113662537497,False,False,regular,regular,atemp,0.437294202472348
9,random_forest,static_reference,0.14212141809625134,0.12026793720007811,0.017715490287200836,False,False,regular,regular,atemp,0.437294202472348
9,hgb,rolling,0.33692119747888605,0.34015427395477194,0.020305174974744735,False,False,regular,regular,temp,0.437294202472348
9,hgb,static_reference,0.24466122245986166,0.24410369413037558,0.034350907503952456,False,False,regular,regular,atemp,0.437294202472348
10,logistic,rolling,0.09431759322832445,0.09327780655654028,0.059113906835759636,False,False,regular,regular,atemp,0.3268355118150104
10,logistic,static_reference,0.17892495280335907,0.1729011372077386,0.036296647901124204,False,False,regular,regular,holiday,0.3268355118150104
10,random_forest,rolling,0.09414205137009801,0.3447837842632989,0.03658489586376915,False,False,regular,regular,atemp,0.3268355118150104
10,random_forest,static_reference,0.2754356755363889,0.279164604153218,0.029314734637167855,False,False,regular,regular,season,0.3268355118150104
10,hgb,rolling,0.23395248663690604,0.19296995138010076,0.06946986826090304,False,False,regular,regular,hum,0.3268355118150104
10,hgb,static_reference,0.05472647212146764,0.05416302027473274,0.05473948087563945,False,False,regular,regular,atemp,0.3268355118150104
