window,start_date,end_date,model,mode,event_strength,accuracy,f1,average_precision,auroc,explanation_instability,explanation_instability_abs_sensitivity,importance_norm,importance_zero,previous_importance_zero,instability_status,abs_instability_status,top_feature
0,2012-01-01,2012-02-29,logistic,rolling,0.0539702237459329,0.6,0.0,0.9287011308464397,0.9490740740740741,,,0.22533855519843096,False,,no_previous,no_previous,atemp
0,2012-01-01,2012-02-29,logistic,static_reference,0.0539702237459329,0.6,0.0,0.9287011308464397,0.9490740740740741,,,0.22533855519843096,False,,no_previous,no_previous,atemp
0,2012-01-01,2012-02-29,random_forest,rolling,0.0539702237459329,0.6,0.0,0.6984717935027706,0.7233796296296295,,,0.19175025845108407,False,,no_previous,no_previous,atemp
0,2012-01-01,2012-02-29,random_forest,static_reference,0.0539702237459329,0.6,0.0,0.6984717935027706,0.7233796296296295,,,0.19175025845108407,False,,no_previous,no_previous,atemp
0,2012-01-01,2012-02-29,hgb,rolling,0.0539702237459329,0.6,0.0,0.6273778505030156,0.6701388888888888,,,0.24444661889830757,False,,no_previous,no_previous,atemp
0,2012-01-01,2012-02-29,hgb,static_reference,0.0539702237459329,0.6,0.0,0.6273778505030156,0.6701388888888888,,,0.24444661889830757,False,,no_previous,no_previous,atemp
1,2012-01-31,2012-03-30,logistic,rolling,0.7092078833384693,0.45,0.4,0.9485559641087301,0.9028727770177839,0.1361598648247344,0.13626822721651266,0.060814420281042246,False,False,regular,regular,atemp
1,2012-01-31,2012-03-30,logistic,static_reference,0.7092078833384693,0.36666666666666664,0.20833333333333334,0.9472691182528976,0.9192886456908345,0.08256649391239368,0.08182121728061087,0.05777001464415553,False,False,regular,regular,temp
1,2012-01-31,2012-03-30,random_forest,rolling,0.7092078833384693,0.45,0.37735849056603776,0.9088770066902645,0.8105335157318742,0.014525504132705258,0.011096868318106967,0.08010147515929196,False,False,regular,regular,atemp
1,2012-01-31,2012-03-30,random_forest,static_reference,0.7092078833384693,0.4,0.28,0.9182590415938294,0.8009575923392613,0.05999357842148467,0.027844344597492077,0.0951527613538675,False,False,regular,regular,atemp
1,2012-01-31,2012-03-30,hgb,rolling,0.7092078833384693,0.36666666666666664,0.24,0.8870164046916718,0.811217510259918,0.14578630922782543,0.13355505740052087,0.05864472812893752,False,False,regular,regular,atemp
1,2012-01-31,2012-03-30,hgb,static_reference,0.7092078833384693,0.35,0.1702127659574468,0.8755449717095878,0.7291381668946648,0.13156146931427914,0.11799306832759449,0.064004599500693,False,False,regular,regular,atemp
2,2012-03-01,2012-04-29,logistic,rolling,1.6285070387195226,0.65,0.7586206896551724,0.9892050720495571,0.9135802469135803,0.040162639756968876,0.04549517790348223,0.020021621714099776,False,False,regular,regular,weathersit
2,2012-03-01,2012-04-29,logistic,static_reference,1.6285070387195226,0.5,0.6153846153846154,0.9849962813246641,0.8858024691358025,0.31578686878686124,0.31652230713641283,0.01391870819003651,False,False,regular,regular,hum
2,2012-03-01,2012-04-29,random_forest,rolling,1.6285070387195226,0.5166666666666667,0.6329113924050633,0.9791057293682064,0.845679012345679,0.5154912260322901,0.5046056701131462,0.013617470658381897,False,False,regular,regular,hum
2,2012-03-01,2012-04-29,random_forest,static_reference,1.6285070387195226,0.43333333333333335,0.5405405405405406,0.9792125384115514,0.8456790123456791,0.07149715312739069,0.06865085805324844,0.01834414616631812,False,False,regular,regular,atemp
2,2012-03-01,2012-04-29,hgb,rolling,1.6285070387195226,0.4166666666666667,0.5333333333333333,0.9746387694874514,0.8518518518518519,0.35583693101116354,0.24959630148184075,0.01839021886420759,False,False,regular,regular,hum
2,2012-03-01,2012-04-29,hgb,static_reference,1.6285070387195226,0.38333333333333336,0.4788732394366197,0.9758995014882348,0.8333333333333334,0.2540346799407567,0.2623380124597341,0.015767338092009205,False,False,regular,regular,atemp
3,2012-03-31,2012-05-29,logistic,rolling,1.805149678053845,0.8833333333333333,0.9357798165137615,0.995201250869937,0.9181286549707603,0.37286034569693205,0.18347142431246755,0.010532394077151678,False,False,regular,regular,hum
3,2012-03-31,2012-05-29,logistic,static_reference,1.805149678053845,0.8166666666666667,0.8952380952380953,0.9926604810447837,0.8830409356725146,0.13746784490316344,0.12124692174633944,0.008808426107004021,False,False,regular,regular,hum
3,2012-03-31,2012-05-29,random_forest,rolling,1.805149678053845,0.7333333333333333,0.84,0.9907360595912762,0.8596491228070176,0.2578851267605947,0.26101983945701346,0.00543948239415954,False,False,regular,regular,weathersit
3,2012-03-31,2012-05-29,random_forest,static_reference,1.805149678053845,0.7166666666666667,0.8282828282828283,0.986168532188832,0.8070175438596492,0.548056203557785,0.3626110213606688,0.004010816017140282,False,False,regular,regular,weathersit
3,2012-03-31,2012-05-29,hgb,rolling,1.805149678053845,0.8166666666666667,0.8952380952380953,0.9932566933231453,0.888888888888889,0.4321663187586321,0.2079004619777145,0.0077352049541817855,False,False,regular,regular,weathersit
3,2012-03-31,2012-05-29,hgb,static_reference,1.805149678053845,0.7166666666666667,0.8282828282828283,0.9891401859946287,0.8421052631578948,0.3416123264944463,0.0646091809346333,0.007215610756979667,False,False,regular,regular,hum
4,2012-04-30,2012-06-28,logistic,rolling,1.9037759045487475,0.9833333333333333,0.9915966386554622,0.9997175141242935,0.9830508474576272,0.181302406697061,0.06780461547007854,0.00541723706118703,False,False,regular,regular,hum
4,2012-04-30,2012-06-28,logistic,static_reference,1.9037759045487475,0.9666666666666667,0.9830508474576272,0.998840660031042,0.9322033898305084,0.3802687310684274,0.10728665359570777,0.001985940704234069,False,False,regular,regular,temp
4,2012-04-30,2012-06-28,random_forest,rolling,1.9037759045487475,0.9833333333333333,0.9915966386554622,0.9997175141242938,0.9830508474576272,0.15954293622961946,0.30846480788952024,0.006628534580015635,False,False,regular,regular,weathersit
4,2012-04-30,2012-06-28,random_forest,static_reference,1.9037759045487475,0.9666666666666667,0.9830508474576272,0.998840660031042,0.9322033898305084,0.046296476656896735,0.2079760241181784,0.0029615228600603782,False,False,regular,regular,weathersit
4,2012-04-30,2012-06-28,hgb,rolling,1.9037759045487475,0.9833333333333333,0.9915966386554622,0.9994302403523889,0.9661016949152542,0.3786894229055682,0.49842281885634776,0.017254097129983013,False,False,regular,regular,hum
4,2012-04-30,2012-06-28,hgb,static_reference,1.9037759045487475,0.9666666666666667,0.9830508474576272,0.998840660031042,0.9322033898305084,0.25345759510022925,0.35175072608970726,0.0030030390205934153,False,False,regular,regular,windspeed
5,2012-05-30,2012-07-28,logistic,rolling,1.6715583657310717,0.9833333333333333,0.9915966386554622,1.0,,1.0,1.0,0.0,True,False,one_zero,one_zero,
5,2012-05-30,2012-07-28,logistic,static_reference,1.6715583657310717,0.9833333333333333,0.9915966386554622,1.0,,1.0,1.0,0.0,True,False,one_zero,one_zero,
5,2012-05-30,2012-07-28,random_forest,rolling,1.6715583657310717,0.9833333333333333,0.9915966386554622,1.0,,1.0,1.0,0.0,True,False,one_zero,one_zero,
5,2012-05-30,2012-07-28,random_forest,static_reference,1.6715583657310717,1.0,1.0,1.0,,1.0,1.0,0.0,True,False,one_zero,one_zero,
5,2012-05-30,2012-07-28,hgb,rolling,1.6715583657310717,0.9666666666666667,0.9830508474576272,1.0,,1.0,1.0,0.0,True,False,one_zero,one_zero,
5,2012-05-30,2012-07-28,hgb,static_reference,1.6715583657310717,0.9666666666666667,0.9830508474576272,1.0,,1.0,1.0,0.0,True,False,one_zero,one_zero,
6,2012-06-29,2012-08-27,logistic,rolling,1.3657047496380268,0.9333333333333333,0.9655172413793104,1.0,,0.0,0.0,0.0,True,True,both_zero,both_zero,
6,2012-06-29,2012-08-27,logistic,static_reference,1.3657047496380268,0.9666666666666667,0.9830508474576272,1.0,,0.0,0.0,0.0,True,True,both_zero,both_zero,
6,2012-06-29,2012-08-27,random_forest,rolling,1.3657047496380268,0.9833333333333333,0.9915966386554622,1.0,,0.0,0.0,0.0,True,True,both_zero,both_zero,
6,2012-06-29,2012-08-27,random_forest,static_reference,1.3657047496380268,1.0,1.0,1.0,,0.0,0.0,0.0,True,True,both_zero,both_zero,
6,2012-06-29,2012-08-27,hgb,rolling,1.3657047496380268,0.9666666666666667,0.9830508474576272,1.0,,0.0,0.0,0.0,True,True,both_zero,both_zero,
6,2012-06-29,2012-08-27,hgb,static_reference,1.3657047496380268,0.95,0.9743589743589743,1.0,,0.0,0.0,0.0,True,True,both_zero,both_zero,
7,2012-07-29,2012-09-26,logistic,rolling,1.4382657511493098,0.9333333333333333,0.9655172413793104,1.0,,0.0,0.0,0.0,True,True,both_zero,both_zero,
7,2012-07-29,2012-09-26,logistic,static_reference,1.4382657511493098,0.9666666666666667,0.9830508474576272,1.0,,0.0,0.0,0.0,True,True,both_zero,both_zero,
7,2012-07-29,2012-09-26,random_forest,rolling,1.4382657511493098,0.9666666666666667,0.9830508474576272,1.0,,0.0,0.0,0.0,True,True,both_zero,both_zero,
7,2012-07-29,2012-09-26,random_forest,static_reference,1.4382657511493098,1.0,1.0,1.0,,0.0,0.0,0.0,True,True,both_zero,both_zero,
7,2012-07-29,2012-09-26,hgb,rolling,1.4382657511493098,0.9666666666666667,0.9830508474576272,1.0,,0.0,0.0,0.0,True,True,both_zero,both_zero,
7,2012-07-29,2012-09-26,hgb,static_reference,1.4382657511493098,0.95,0.9743589743589743,1.0,,0.0,0.0,0.0,True,True,both_zero,both_zero,
8,2012-08-28,2012-10-26,logistic,rolling,1.2829616293656003,0.8833333333333333,0.9369369369369369,0.9997175141242935,0.9830508474576272,1.0,1.0,0.0017053634954365426,False,True,one_zero,one_zero,atemp
8,2012-08-28,2012-10-26,logistic,static_reference,1.2829616293656003,0.9333333333333333,0.9649122807017544,0.9997175141242935,0.9830508474576272,1.0,1.0,0.0024043148516676997,False,True,one_zero,one_zero,temp
8,2012-08-28,2012-10-26,random_forest,rolling,1.2829616293656003,0.95,0.9739130434782609,0.999430240352389,0.9661016949152542,1.0,1.0,0.0015176906149560695,False,True,one_zero,one_zero,atemp
8,2012-08-28,2012-10-26,random_forest,static_reference,1.2829616293656003,0.9166666666666666,0.9557522123893806,0.9994302403523889,0.9661016949152542,1.0,1.0,0.0008744320732681545,False,True,one_zero,one_zero,temp
8,2012-08-28,2012-10-26,hgb,rolling,1.2829616293656003,0.8833333333333333,0.9380530973451328,0.998229830182924,0.8983050847457628,1.0,1.0,0.006246262094204118,False,True,one_zero,one_zero,atemp
8,2012-08-28,2012-10-26,hgb,static_reference,1.2829616293656003,0.8833333333333333,0.9369369369369369,0.9994302403523889,0.9661016949152542,1.0,1.0,0.00182796942285324,False,True,one_zero,one_zero,atemp
9,2012-09-27,2012-11-25,logistic,rolling,0.437294202472348,0.55,0.6666666666666666,0.9860560998816479,0.8827160493827162,0.06429142998276804,0.051941822938418314,0.017841962120242444,False,False,regular,regular,atemp
9,2012-09-27,2012-11-25,logistic,static_reference,0.437294202472348,0.6166666666666667,0.7294117647058823,0.9879535204113619,0.8981481481481483,0.040821429295358924,0.038975843318755254,0.019528083804484696,False,False,regular,regular,temp
9,2012-09-27,2012-11-25,random_forest,rolling,0.437294202472348,0.5833333333333334,0.6987951807228916,0.9840240404804059,0.8703703703703705,0.16476140701911768,0.12016378523961735,0.020128113662537497,False,False,regular,regular,atemp
9,2012-09-27,2012-11-25,random_forest,static_reference,0.437294202472348,0.5666666666666667,0.6829268292682927,0.9813484693232934,0.8518518518518519,0.14212141809625134,0.12026793720007811,0.017715490287200836,False,False,regular,regular,atemp
9,2012-09-27,2012-11-25,hgb,rolling,0.437294202472348,0.6833333333333333,0.7912087912087912,0.9801625654938318,0.8549382716049383,0.33692119747888605,0.34015427395477194,0.020305174974744735,False,False,regular,regular,temp
9,2012-09-27,2012-11-25,hgb,static_reference,0.437294202472348,0.65,0.7586206896551724,0.9843642579039706,0.8734567901234568,0.24466122245986166,0.24410369413037558,0.034350907503952456,False,False,regular,regular,atemp
10,2012-10-27,2012-12-25,logistic,rolling,0.3268355118150104,0.3,0.25,0.9690940771177399,0.8979591836734694,0.09431759322832445,0.09327780655654028,0.059113906835759636,False,False,regular,regular,atemp
10,2012-10-27,2012-12-25,logistic,static_reference,0.3268355118150104,0.35,0.3389830508474576,0.9791817629319978,0.9183673469387754,0.17892495280335907,0.1729011372077386,0.036296647901124204,False,False,regular,regular,holiday
10,2012-10-27,2012-12-25,random_forest,rolling,0.3268355118150104,0.26666666666666666,0.18518518518518517,0.9082053652110473,0.725417439703154,0.09414205137009801,0.3447837842632989,0.03658489586376915,False,False,regular,regular,atemp
10,2012-10-27,2012-12-25,random_forest,static_reference,0.3268355118150104,0.2833333333333333,0.21818181818181817,0.9479616982006864,0.8460111317254174,0.2754356755363889,0.279164604153218,0.029314734637167855,False,False,regular,regular,season
10,2012-10-27,2012-12-25,hgb,rolling,0.3268355118150104,0.36666666666666664,0.3870967741935484,0.9455800292476011,0.8423005565862709,0.23395248663690604,0.19296995138010076,0.06946986826090304,False,False,regular,regular,hum
10,2012-10-27,2012-12-25,hgb,static_reference,0.3268355118150104,0.43333333333333335,0.46875,0.9638058292786811,0.8738404452690167,0.05472647212146764,0.05416302027473274,0.05473948087563945,False,False,regular,regular,atemp
