budget_per_side,dataset,draw,estimate_l2,estimate_sha256,far,instance_index,instance_position,method,model,normalized_vector_mse,phase,query_total,runtime_sec,scenario,seed,severity,squared_drift_error,target_l2,target_sha256,topk_overlap,vector_mse,clean_mask_sha256,shifted_mask_sha256
96,electricity,0,0.4766920143471382,078841E94AAC56BFBFB64B758961BE99614B8B7A289B9BDF92944EE1431FF86C,1,2900,0,glime_independent,logreg,0.0003837802443621015,smoke,192,0.024531800067052245,mean_shift,0,1.0,8.106140140468544e-07,0.475746713586167,A033FEB710B3A505611CA4F6DCCB629DE7EA91515A666AD136BE53E37D2146FB,0.8,8.041104680895479e-06,,
96,electricity,0,0.4777972022746586,0165A55AEA13AF195F5A49B9C8560F01147AE558A2155FBC5D7617E747BB67EC,1,2900,0,kernelshap_independent,logreg,0.00044277336131156854,smoke,196,0.03694839985109866,mean_shift,0,1.0,3.530018814025643e-08,0.47799377605200644,5EAFD427F46F45BD329B779D783718814018C4930A99623289A9D3CA56CFF705,0.8,9.3594476455204e-06,0CE890B92DC5358365B6B2243155C49ABF200396B03E38E7A40D1536CDA3EF7E,AC29F76B367E4904651ABA54A78C8C8266E42F57352E39CF449AFABCC53BE03A
96,electricity,0,0.4752249209663951,52706A6ADD66C4678CBCE25FD63BF7CEDBF04C45BD8242FADCBD45F4F6A486D5,1,2900,0,kernelshap_paired,logreg,0.0023106909101385095,smoke,196,0.035445200046524405,mean_shift,0,1.0,6.966033483424161e-06,0.47799377605200644,5EAFD427F46F45BD329B779D783718814018C4930A99623289A9D3CA56CFF705,0.8,4.8843928944503575e-05,A6F3433608EF15F6F49A3015AD13788BE6B040A94F7B4EC175A5BAFF79CDAFC6,A6F3433608EF15F6F49A3015AD13788BE6B040A94F7B4EC175A5BAFF79CDAFC6
96,electricity,0,0.4839645270358115,782A9A5BC0F65C75CBD37745E28C2ECE10B5709E005FB0184C6CB10D7D8C18C7,1,2900,0,lime_independent,logreg,0.00141291222347786,smoke,192,0.033074399922043085,mean_shift,0,1.0,6.220047761469268e-05,0.475746713586167,A033FEB710B3A505611CA4F6DCCB629DE7EA91515A666AD136BE53E37D2146FB,0.6,2.9603856010844213e-05,,
96,electricity,0,0.4788439856417359,7995BBF251F96F28344DB8A86CFDDF51C7B350AED05022BB1885120C61B02217,1,2900,0,lime_paired,logreg,0.0003066031799818827,smoke,192,0.028348800027742982,mean_shift,0,1.0,8.741643792042805e-06,0.475746713586167,A033FEB710B3A505611CA4F6DCCB629DE7EA91515A666AD136BE53E37D2146FB,0.6,6.424062473115718e-06,,
256,electricity,0,0.47587306705694077,4CA6A484CAAD995F15396CE2378AAEB3CD2D34F1A440758971A193C64815225A,1,2900,0,lime_paired_slime_budget,logreg,0.0002355961382706882,smoke,512,0.03388580004684627,mean_shift,0,1.0,1.4457768735944593e-08,0.475746713586167,A033FEB710B3A505611CA4F6DCCB629DE7EA91515A666AD136BE53E37D2146FB,0.8,4.936296847166237e-06,,
-1,electricity,0,0.47300816256565004,27A39FD000BDFA0543BA332CCE6B827AD1622BA28D45A53AA71E9C76985E1A7C,1,2900,0,slime_independent,logreg,0.0002555778423435357,smoke,512,0.06381920003332198,mean_shift,0,1.0,6.750714089493658e-06,0.475746713586167,A033FEB710B3A505611CA4F6DCCB629DE7EA91515A666AD136BE53E37D2146FB,0.6,5.35496085218689e-06,,
96,electricity,1,0.47385611358962115,77781C05B826CC535CED9B476E6B7A6252E7C69CE420BD5115A003793368EA27,1,2900,0,glime_independent,logreg,0.0006286171309730292,smoke,192,0.02673389995470643,mean_shift,0,1.0,3.223170677210532e-06,0.475746713586167,A033FEB710B3A505611CA4F6DCCB629DE7EA91515A666AD136BE53E37D2146FB,0.6,1.3171017082341182e-05,,
96,electricity,1,0.47921010844918666,7489C5FE6FE260F15F006E056AEE7A70A87FCE4E03057207F624D00CB8C6D268,1,2900,0,kernelshap_independent,logreg,0.0008123917782875644,smoke,196,0.03738000011071563,mean_shift,0,1.0,1.3555434834878042e-06,0.47799377605200644,5EAFD427F46F45BD329B779D783718814018C4930A99623289A9D3CA56CFF705,0.8,1.7172528839609336e-05,884D8A39B62A0C635F616EDF56071005353D9DF7728B3DBA0C60586334449DEB,76CEA208C1146BCDECC980E489632FF8FC8CA3D8CE7235CB8B898D17D48B33BD
96,electricity,1,0.4753834771340697,A1A48F820592FEC3CE18920506B24F4DED9FE631E656C888410F7AFAB5501A07,1,2900,0,kernelshap_paired,logreg,0.00038189188117203365,smoke,196,0.0377550998236984,mean_shift,0,1.0,6.19312803072346e-06,0.47799377605200644,5EAFD427F46F45BD329B779D783718814018C4930A99623289A9D3CA56CFF705,1.0,8.072520572356211e-06,029B98238BD5C1B5ADC5545A6A3E5D9D0F2F93795639120607D9817652D78080,029B98238BD5C1B5ADC5545A6A3E5D9D0F2F93795639120607D9817652D78080
96,electricity,1,0.4763184328965722,C159BE1A5408782F0C3FD6AC91FB91F3801DF82584CDE1D9252C18DE63CC07C3,1,2900,0,lime_independent,logreg,0.00038952722684683794,smoke,192,0.03441110020503402,mean_shift,0,1.0,2.962777621749008e-07,0.475746713586167,A033FEB710B3A505611CA4F6DCCB629DE7EA91515A666AD136BE53E37D2146FB,0.8,8.161517569359423e-06,,
96,electricity,1,0.4733085038760801,9C6441C3870D5FFA792D26D3FF29C5DFBFFE100101E73478BB8C2796273D11A7,1,2900,0,lime_paired,logreg,0.00015070575352187283,smoke,192,0.03599600004963577,mean_shift,0,1.0,5.354575852599914e-06,0.475746713586167,A033FEB710B3A505611CA4F6DCCB629DE7EA91515A666AD136BE53E37D2146FB,1.0,3.157642317146541e-06,,
96,electricity,0,0.49203379201932146,DCB53411D13CE3044441E399AB856677C9C32010EB21974981103CB4B3ED7768,1,12421,1,glime_independent,logreg,0.0025255680108491256,smoke,192,0.028101899893954396,mean_shift,0,1.0,0.00013395690864918643,0.4801283963677329,4654B464A884B4AC5B292096B9C4FF5FAF73481700B5C3C7B615B48B6EC5BE2B,1.0,2.8562960850265572e-05,,
96,electricity,0,0.4568416285492466,E5321DD78E990BE3C075136D22CBA39AB269D80E43BA1BFC94899C232EDE4907,1,12421,1,kernelshap_independent,logreg,0.006301763748297638,smoke,196,0.04046669998206198,mean_shift,0,1.0,0.00012801562249594196,0.4690614804870982,F5875F66A14021F082A40B9D5AF45091575DACEB892B542B8B561A8B2D306FCE,1.0,6.814066705552901e-05,7E2A9A98FB80F4D9C62719FF83D204A0D2C35ECC2BF474DE6B8CB9E722116EF3,E93468AD9FA4DDE4FFDE29CD5C28E9B633739BB7C18A7547F3D0BDCC9F87F093
96,electricity,0,0.470299844455475,6459318FA08411CD0D954C7D02B7E079AF023E9204AE1FE3804E41067B4BE770,1,12421,1,kernelshap_paired,logreg,0.0013000123215138842,smoke,196,0.033141300082206726,mean_shift,0,1.0,1.3531999268495346e-06,0.4690614804870982,F5875F66A14021F082A40B9D5AF45091575DACEB892B542B8B561A8B2D306FCE,1.0,1.4056970446137872e-05,61AD17E85472AE623023E3D11F847B1636CB1A072643D76EBBD17220D9B54768,61AD17E85472AE623023E3D11F847B1636CB1A072643D76EBBD17220D9B54768
96,electricity,0,0.4755267949550558,61F9F93FFF212E8C9FEF37914FC2B52BBFC8A5B9DA36314FCB86DA8C6F592E90,1,12421,1,lime_independent,logreg,0.002086102094055801,smoke,192,0.03595740022137761,mean_shift,0,1.0,1.9338395680692418e-05,0.4801283963677329,4654B464A884B4AC5B292096B9C4FF5FAF73481700B5C3C7B615B48B6EC5BE2B,1.0,2.359281246286439e-05,,
96,electricity,0,0.4766390359693113,1867CD9B32A204CAF887448D5A8B1A851FFD932BECACE7AF9C99634E16B4ADCA,1,12421,1,lime_paired,logreg,0.00063206233369605,smoke,192,0.035907499957829714,mean_shift,0,1.0,1.1145624908702122e-05,0.4801283963677329,4654B464A884B4AC5B292096B9C4FF5FAF73481700B5C3C7B615B48B6EC5BE2B,1.0,7.148321333947348e-06,,
448,electricity,0,0.48309133987052205,AA3B5A5499A7924222E5C65B79310F909FFFDA5E634FFFF18146F47668745ABA,1,12421,1,lime_paired_slime_budget,logreg,0.0003046113341363073,smoke,896,0.033824600046500564,mean_shift,0,1.0,8.145119984151999e-06,0.4801283963677329,4654B464A884B4AC5B292096B9C4FF5FAF73481700B5C3C7B615B48B6EC5BE2B,1.0,3.4450078454063353e-06,,
-1,electricity,0,0.4811005536224447,23083B032A90D066481BA98877140D30028EB4959638E3E995564A9017EB70D0,1,12421,1,slime_independent,logreg,0.00011398070572369528,smoke,896,0.1004259001929313,mean_shift,0,1.0,8.732261391910669e-07,0.4801283963677329,4654B464A884B4AC5B292096B9C4FF5FAF73481700B5C3C7B615B48B6EC5BE2B,1.0,1.289067022264417e-06,,
96,electricity,1,0.4803031325493522,DC9198C5D98211B3A54DD4331C3B5115FF300B4891B52B28A1E9C449B05E5C3E,1,12421,1,glime_independent,logreg,0.0010325838058080517,smoke,192,0.028196699917316437,mean_shift,0,1.0,2.8164270026306256e-08,0.4801283963677329,4654B464A884B4AC5B292096B9C4FF5FAF73481700B5C3C7B615B48B6EC5BE2B,1.0,1.1678026761986703e-05,,
96,electricity,1,0.4908989367379774,6586E4E71DC7DF486E629FCA3916AEE8012F0FDECD1C5056C029F7A89AED0BD4,1,12421,1,kernelshap_independent,logreg,0.008788788772745046,smoke,196,0.031155899865552783,mean_shift,0,1.0,0.00043945129385793765,0.4690614804870982,F5875F66A14021F082A40B9D5AF45091575DACEB892B542B8B561A8B2D306FCE,0.8,9.503274852961152e-05,D1902BD331672A74C5AC83D1A66F6BEA8B5CBD729D1DF3197228806DBA06B690,3667D655866F45C2354460D600912BDD31BDF94C4637D77AF0B117263760E414
96,electricity,1,0.4694200699518448,5C58AE30FDDEC4023C7211BBB3D1B7D45405C226AB8036AC47C769DB3125F8FB,1,12421,1,kernelshap_paired,logreg,0.0007896275322967115,smoke,196,0.03236400010064244,mean_shift,0,1.0,1.1325216955366175e-07,0.4690614804870982,F5875F66A14021F082A40B9D5AF45091575DACEB892B542B8B561A8B2D306FCE,0.8,8.53820437026766e-06,94C35673AE757CA5093EEF2F02814983987544C1B7F7DDB8FAF309110762CE5B,94C35673AE757CA5093EEF2F02814983987544C1B7F7DDB8FAF309110762CE5B
96,electricity,1,0.4862563989428334,2C547E009535B538CE0BD2B9D6B946AFBA93D695362E8A2D527063A3D18F19E1,1,12421,1,lime_independent,logreg,0.0041589526536821375,smoke,192,0.02881109993904829,mean_shift,0,1.0,3.50701848422707e-05,0.4801283963677329,4654B464A884B4AC5B292096B9C4FF5FAF73481700B5C3C7B615B48B6EC5BE2B,1.0,4.703575643773368e-05,,
96,electricity,1,0.4790567158494329,67C53A24482DE128BA9A36AD49EA323D00E567248CF8CA4D978A94CDD5693F2C,1,12421,1,lime_paired,logreg,0.0010951385261309345,smoke,192,0.032384099904447794,mean_shift,0,1.0,1.0566606399129404e-06,0.4801283963677329,4654B464A884B4AC5B292096B9C4FF5FAF73481700B5C3C7B615B48B6EC5BE2B,1.0,1.2385490595827822e-05,,
96,electricity,0,0.002703488695419599,51997FC95B59DD4E38B5CA52DF7485A646CB06C71CCB69184F5EE9A9785D02A0,0,2900,0,glime_independent,logreg,0.0005130369505082307,smoke,192,0.01980739994905889,null,0,0.0,5.341930478585495e-11,0.0,F5A5FD42D16A20302798EF6ED309979B43003D2320D9F0E8EA9831A92759FB4B,0.8,9.136063907826956e-07,,
96,electricity,0,0.005113322626798124,FB75864C00FE58D119E4BAFFE1DC835AF10B2991C19855BAA576D66AF065319E,0,2900,0,kernelshap_independent,logreg,0.0018377932006110199,smoke,196,0.030057600000873208,null,0,0.0,6.836168868018293e-10,0.0,F5A5FD42D16A20302798EF6ED309979B43003D2320D9F0E8EA9831A92759FB4B,0.6,3.268258535715708e-06,0D93E0ADC8B93920BFAF53E4BFE948640EF69406CE69CBC7AF1C0D4C28A88976,AB18C8293655E6E8B4583A774F9C3F07DB7B0015D145EF9012A3957E44AF8986
96,electricity,0,0.0,F5A5FD42D16A20302798EF6ED309979B43003D2320D9F0E8EA9831A92759FB4B,0,2900,0,kernelshap_paired,logreg,0.0,smoke,196,0.03532560006715357,null,0,0.0,0.0,0.0,F5A5FD42D16A20302798EF6ED309979B43003D2320D9F0E8EA9831A92759FB4B,1.0,0.0,153600D5B4F53E8606A08E8140740010D7BBA4F59F67F575A48475B1B4153189,153600D5B4F53E8606A08E8140740010D7BBA4F59F67F575A48475B1B4153189
96,electricity,0,0.005325552999795047,672D70858B3D82A3D3D61D3ABFC26AED853713B52E241E27FF1FC82C16F766C7,0,2900,0,lime_independent,logreg,0.00199080605003881,smoke,192,0.027927699964493513,null,0,0.0,8.043755191201467e-10,0.0,F5A5FD42D16A20302798EF6ED309979B43003D2320D9F0E8EA9831A92759FB4B,0.8,3.5451893442032534e-06,,
96,electricity,0,0.0,F5A5FD42D16A20302798EF6ED309979B43003D2320D9F0E8EA9831A92759FB4B,0,2900,0,lime_paired,logreg,0.0,smoke,192,0.023945400025695562,null,0,0.0,0.0,0.0,F5A5FD42D16A20302798EF6ED309979B43003D2320D9F0E8EA9831A92759FB4B,1.0,0.0,,
64,electricity,0,0.0,F5A5FD42D16A20302798EF6ED309979B43003D2320D9F0E8EA9831A92759FB4B,0,2900,0,lime_paired_slime_budget,logreg,0.0,smoke,128,0.026548000052571297,null,0,0.0,0.0,0.0,F5A5FD42D16A20302798EF6ED309979B43003D2320D9F0E8EA9831A92759FB4B,1.0,0.0,,
-1,electricity,0,0.0044779331817041985,F51F1A3BD98208A2AC5E5703D605BE8B917BB5C413BB8B086BA24F7DF8B9EB77,0,2900,0,slime_independent,logreg,0.001407520559946926,smoke,128,0.03484720014967024,null,0,0.0,4.020781153056915e-10,0.0,F5A5FD42D16A20302798EF6ED309979B43003D2320D9F0E8EA9831A92759FB4B,0.8,2.506485697475936e-06,,
96,electricity,1,0.005195200620454762,888ED07699FF0EDEF0264E09E71B743A7844BB7262F5C541FAFB5D23D22D5C94,0,2900,0,glime_independent,logreg,0.0018945417310832803,smoke,192,0.02962190005928278,null,0,0.0,7.284660101080235e-10,0.0,F5A5FD42D16A20302798EF6ED309979B43003D2320D9F0E8EA9831A92759FB4B,0.8,3.3737636858466934e-06,,
96,electricity,1,0.005524753857431939,4146C5B041EA1932A5EA7DBD56D635EAE28995D208305CDAFF546D32EDE5F392,0,2900,0,kernelshap_independent,logreg,0.0021454387328628233,smoke,196,0.04030580003745854,null,0,0.0,9.316477409452642e-10,0.0,F5A5FD42D16A20302798EF6ED309979B43003D2320D9F0E8EA9831A92759FB4B,1.0,3.815363148151137e-06,634B8388D67DE68EB34C86B2B7CABB714DC5995FE76DED069FA7788D61FD815E,B434AC46417EC38A0D7886615E6A4711107AE0BF53FEB90E488716333419B33D
96,electricity,1,0.0,F5A5FD42D16A20302798EF6ED309979B43003D2320D9F0E8EA9831A92759FB4B,0,2900,0,kernelshap_paired,logreg,0.0,smoke,196,0.03891580016352236,null,0,0.0,0.0,0.0,F5A5FD42D16A20302798EF6ED309979B43003D2320D9F0E8EA9831A92759FB4B,1.0,0.0,54F50B36EDEB06F858FD458D8434D4478122A3CA76AA39FEAA47A45B9AEE97D6,54F50B36EDEB06F858FD458D8434D4478122A3CA76AA39FEAA47A45B9AEE97D6
96,electricity,1,0.0026794487148114766,8F4425F861AC54A4D1DE16F4272507D1C73538E44D002348C0EB18388738F6ED,0,2900,0,lime_independent,logreg,0.0005039534556906904,smoke,192,0.031084700021892786,null,0,0.0,5.154443647134216e-11,0.0,F5A5FD42D16A20302798EF6ED309979B43003D2320D9F0E8EA9831A92759FB4B,0.6,8.974306769131091e-07,,
96,electricity,1,0.0,F5A5FD42D16A20302798EF6ED309979B43003D2320D9F0E8EA9831A92759FB4B,0,2900,0,lime_paired,logreg,0.0,smoke,192,0.035348699893802404,null,0,0.0,0.0,0.0,F5A5FD42D16A20302798EF6ED309979B43003D2320D9F0E8EA9831A92759FB4B,1.0,0.0,,
96,electricity,0,0.008674129122564819,3A39C251AC1EFE1A0C32900AAAA1296F2579D36ECD6DE1A625454C9A6C30BCC5,0,12421,1,glime_independent,logreg,0.0012868866413588559,smoke,192,0.02695619990117848,null,0,0.0,5.661135253202122e-09,0.0,F5A5FD42D16A20302798EF6ED309979B43003D2320D9F0E8EA9831A92759FB4B,0.6,9.405064504365888e-06,,
96,electricity,0,0.04506946214512199,E2DBD74DE889A4C43AB60CABAFECFB290B46136244F302AB25A1CB08CCD011C7,1,12421,1,kernelshap_independent,logreg,0.03476205247324649,smoke,196,0.03731709998100996,null,0,0.0,4.126002635871688e-06,0.0,F5A5FD42D16A20302798EF6ED309979B43003D2320D9F0E8EA9831A92759FB4B,0.6,0.0002539070522563229,F150D199B73C298CA4F9B75B23849B89739AEB0986035B64E430FC895050E6B5,D90A4E5A9A00A22C196D992AFB1C6C79511E84A1307F59B33BBB4D9D959857B7
96,electricity,0,0.0,F5A5FD42D16A20302798EF6ED309979B43003D2320D9F0E8EA9831A92759FB4B,0,12421,1,kernelshap_paired,logreg,0.0,smoke,196,0.04115610010921955,null,0,0.0,0.0,0.0,F5A5FD42D16A20302798EF6ED309979B43003D2320D9F0E8EA9831A92759FB4B,1.0,0.0,46E8267F04BFEBC90F50284EE1AA657D77769A7C1FC1F0111C3221A6E07E5619,46E8267F04BFEBC90F50284EE1AA657D77769A7C1FC1F0111C3221A6E07E5619
96,electricity,0,0.011920457687085627,29B88B5424AE5989CC26D8B71A94E062F95C0967ED3A7F7DF96D213D04352951,0,12421,1,lime_independent,logreg,0.0024303811502083407,smoke,192,0.03334270021878183,null,0,0.0,2.0191645926888182e-08,0.0,F5A5FD42D16A20302798EF6ED309979B43003D2320D9F0E8EA9831A92759FB4B,0.6,1.776216393369985e-05,,
96,electricity,0,0.0,F5A5FD42D16A20302798EF6ED309979B43003D2320D9F0E8EA9831A92759FB4B,0,12421,1,lime_paired,logreg,0.0,smoke,192,0.03330380003899336,null,0,0.0,0.0,0.0,F5A5FD42D16A20302798EF6ED309979B43003D2320D9F0E8EA9831A92759FB4B,1.0,0.0,,
522,electricity,0,0.0,F5A5FD42D16A20302798EF6ED309979B43003D2320D9F0E8EA9831A92759FB4B,0,12421,1,lime_paired_slime_budget,logreg,0.0,smoke,1044,0.03698779991827905,null,0,0.0,0.0,0.0,F5A5FD42D16A20302798EF6ED309979B43003D2320D9F0E8EA9831A92759FB4B,1.0,0.0,,
-1,electricity,0,0.010716860367794675,5ED46B234D8C6D238A25F9A541347F1A6A1552251151B13F6054E0874F26EE43,0,12421,1,slime_independent,logreg,0.0019643717130141914,smoke,1044,0.11759699997492135,null,0,0.0,1.3190774285204574e-08,0.0,F5A5FD42D16A20302798EF6ED309979B43003D2320D9F0E8EA9831A92759FB4B,0.6,1.4356387017851024e-05,,
96,electricity,1,0.007130204849734243,5AE59B7A13CEA35ED925BEDA2029C858F3E800B82F2FFD3C2924BF2E0AB988D0,0,12421,1,glime_independent,logreg,0.0008695459600505489,smoke,192,0.024121700087562203,null,0,0.0,2.584687419563953e-09,0.0,F5A5FD42D16A20302798EF6ED309979B43003D2320D9F0E8EA9831A92759FB4B,0.6,6.354977649896713e-06,,
96,electricity,1,0.01646279495542601,994DD5F830005D4947C7C9BB38A8140F4C11FC27623EC1D8A529E5A2D28E9B5C,0,12421,1,kernelshap_independent,logreg,0.004638182130920567,smoke,196,0.035969499964267015,null,0,0.0,7.345380137526266e-08,0.0,F5A5FD42D16A20302798EF6ED309979B43003D2320D9F0E8EA9831A92759FB4B,0.4,3.387795221805e-05,CEC2F6748CF5F153F74488BC32A7DECEA7ED4CF3A0B8E7F8607FFAADB0515F79,866B42139943C8C92AC89344900198932C56ED65E419D7F4A58782712B25995B
96,electricity,1,0.0,F5A5FD42D16A20302798EF6ED309979B43003D2320D9F0E8EA9831A92759FB4B,0,12421,1,kernelshap_paired,logreg,0.0,smoke,196,0.02551719988696277,null,0,0.0,0.0,0.0,F5A5FD42D16A20302798EF6ED309979B43003D2320D9F0E8EA9831A92759FB4B,1.0,0.0,08691A691DC40AEE18613B7611BAFBD4A6763428B674B6AD9C95E40B21D1A3FC,08691A691DC40AEE18613B7611BAFBD4A6763428B674B6AD9C95E40B21D1A3FC
96,electricity,1,0.007279347177760224,35F4793A8EFC4E3D7224B7F5DED3534B97BC0EB6BC7ECBF88591535E13D0FCCE,0,12421,1,lime_independent,logreg,0.0009063029487264992,smoke,192,0.03511729999445379,null,0,0.0,2.807823028756367e-09,0.0,F5A5FD42D16A20302798EF6ED309979B43003D2320D9F0E8EA9831A92759FB4B,0.6,6.623611916795717e-06,,
96,electricity,1,0.0,F5A5FD42D16A20302798EF6ED309979B43003D2320D9F0E8EA9831A92759FB4B,0,12421,1,lime_paired,logreg,0.0,smoke,192,0.032341300044208765,null,0,0.0,0.0,0.0,F5A5FD42D16A20302798EF6ED309979B43003D2320D9F0E8EA9831A92759FB4B,1.0,0.0,,
