dataset,model,scenario,method,explanation_first,monitor,first_alert,explanation_before_monitor,same_as_monitor,after_monitor
adult,hgb,gradual,lime,1,feature_ks_alert,1,False,True,False
adult,hgb,gradual,lime,1,prediction_ks_alert,1,False,True,False
adult,hgb,gradual,pi,3,feature_ks_alert,1,False,False,True
adult,hgb,gradual,pi,3,prediction_ks_alert,1,False,False,True
adult,hgb,gradual,shap,1,feature_ks_alert,1,False,True,False
adult,hgb,gradual,shap,1,prediction_ks_alert,1,False,True,False
adult,hgb,mean_shift,lime,1,feature_ks_alert,1,False,True,False
adult,hgb,mean_shift,lime,1,prediction_ks_alert,1,False,True,False
adult,hgb,mean_shift,pi,2,feature_ks_alert,1,False,False,True
adult,hgb,mean_shift,pi,2,prediction_ks_alert,1,False,False,True
adult,hgb,mean_shift,shap,1,feature_ks_alert,1,False,True,False
adult,hgb,mean_shift,shap,1,prediction_ks_alert,1,False,True,False
adult,hgb,missing,lime,1,feature_ks_alert,1,False,True,False
adult,hgb,missing,lime,1,prediction_ks_alert,2,True,False,False
adult,hgb,missing,pi,6,feature_ks_alert,1,False,False,True
adult,hgb,missing,pi,6,prediction_ks_alert,2,False,False,True
adult,hgb,missing,shap,3,feature_ks_alert,1,False,False,True
adult,hgb,missing,shap,3,prediction_ks_alert,2,False,False,True
adult,hgb,noise,lime,1,feature_ks_alert,1,False,True,False
adult,hgb,noise,lime,1,prediction_ks_alert,1,False,True,False
adult,hgb,noise,pi,3,feature_ks_alert,1,False,False,True
adult,hgb,noise,pi,3,prediction_ks_alert,1,False,False,True
adult,hgb,noise,shap,1,feature_ks_alert,1,False,True,False
adult,hgb,noise,shap,1,prediction_ks_alert,1,False,True,False
adult,hgb,quantize,lime,1,feature_ks_alert,1,False,True,False
adult,hgb,quantize,lime,1,prediction_ks_alert,1,False,True,False
adult,hgb,quantize,pi,4,feature_ks_alert,1,False,False,True
adult,hgb,quantize,pi,4,prediction_ks_alert,1,False,False,True
adult,hgb,quantize,shap,1,feature_ks_alert,1,False,True,False
adult,hgb,quantize,shap,1,prediction_ks_alert,1,False,True,False
adult,logreg,gradual,lime,1,feature_ks_alert,1,False,True,False
adult,logreg,gradual,lime,1,prediction_ks_alert,1,False,True,False
adult,logreg,gradual,pi,6,feature_ks_alert,1,False,False,True
adult,logreg,gradual,pi,6,prediction_ks_alert,1,False,False,True
adult,logreg,gradual,shap,1,feature_ks_alert,1,False,True,False
adult,logreg,gradual,shap,1,prediction_ks_alert,1,False,True,False
adult,logreg,mean_shift,lime,1,feature_ks_alert,1,False,True,False
adult,logreg,mean_shift,lime,1,prediction_ks_alert,1,False,True,False
adult,logreg,mean_shift,pi,6,feature_ks_alert,1,False,False,True
adult,logreg,mean_shift,pi,6,prediction_ks_alert,1,False,False,True
adult,logreg,mean_shift,shap,1,feature_ks_alert,1,False,True,False
adult,logreg,mean_shift,shap,1,prediction_ks_alert,1,False,True,False
adult,logreg,missing,lime,1,feature_ks_alert,1,False,True,False
adult,logreg,missing,lime,1,prediction_ks_alert,2,True,False,False
adult,logreg,missing,pi,4,feature_ks_alert,1,False,False,True
adult,logreg,missing,pi,4,prediction_ks_alert,2,False,False,True
adult,logreg,missing,shap,3,feature_ks_alert,1,False,False,True
adult,logreg,missing,shap,3,prediction_ks_alert,2,False,False,True
adult,logreg,noise,lime,1,feature_ks_alert,1,False,True,False
adult,logreg,noise,lime,1,prediction_ks_alert,3,True,False,False
adult,logreg,noise,pi,3,feature_ks_alert,1,False,False,True
adult,logreg,noise,pi,3,prediction_ks_alert,3,False,True,False
adult,logreg,noise,shap,2,feature_ks_alert,1,False,False,True
adult,logreg,noise,shap,2,prediction_ks_alert,3,True,False,False
adult,logreg,quantize,lime,1,feature_ks_alert,1,False,True,False
adult,logreg,quantize,lime,1,prediction_ks_alert,2,True,False,False
adult,logreg,quantize,pi,6,feature_ks_alert,1,False,False,True
adult,logreg,quantize,pi,6,prediction_ks_alert,2,False,False,True
adult,logreg,quantize,shap,4,feature_ks_alert,1,False,False,True
adult,logreg,quantize,shap,4,prediction_ks_alert,2,False,False,True
adult,rf,gradual,lime,1,feature_ks_alert,1,False,True,False
adult,rf,gradual,lime,1,prediction_ks_alert,1,False,True,False
adult,rf,gradual,pi,1,feature_ks_alert,1,False,True,False
adult,rf,gradual,pi,1,prediction_ks_alert,1,False,True,False
adult,rf,gradual,shap,2,feature_ks_alert,1,False,False,True
adult,rf,gradual,shap,2,prediction_ks_alert,1,False,False,True
adult,rf,mean_shift,lime,1,feature_ks_alert,1,False,True,False
adult,rf,mean_shift,lime,1,prediction_ks_alert,1,False,True,False
adult,rf,mean_shift,pi,1,feature_ks_alert,1,False,True,False
adult,rf,mean_shift,pi,1,prediction_ks_alert,1,False,True,False
adult,rf,mean_shift,shap,2,feature_ks_alert,1,False,False,True
adult,rf,mean_shift,shap,2,prediction_ks_alert,1,False,False,True
adult,rf,missing,lime,1,feature_ks_alert,1,False,True,False
adult,rf,missing,lime,1,prediction_ks_alert,2,True,False,False
adult,rf,missing,pi,1,feature_ks_alert,1,False,True,False
adult,rf,missing,pi,1,prediction_ks_alert,2,True,False,False
adult,rf,missing,shap,4,feature_ks_alert,1,False,False,True
adult,rf,missing,shap,4,prediction_ks_alert,2,False,False,True
adult,rf,noise,lime,1,feature_ks_alert,1,False,True,False
adult,rf,noise,lime,1,prediction_ks_alert,2,True,False,False
adult,rf,noise,pi,1,feature_ks_alert,1,False,True,False
adult,rf,noise,pi,1,prediction_ks_alert,2,True,False,False
adult,rf,noise,shap,3,feature_ks_alert,1,False,False,True
adult,rf,noise,shap,3,prediction_ks_alert,2,False,False,True
adult,rf,quantize,lime,1,feature_ks_alert,1,False,True,False
adult,rf,quantize,lime,1,prediction_ks_alert,1,False,True,False
adult,rf,quantize,pi,2,feature_ks_alert,1,False,False,True
adult,rf,quantize,pi,2,prediction_ks_alert,1,False,False,True
adult,rf,quantize,shap,4,feature_ks_alert,1,False,False,True
adult,rf,quantize,shap,4,prediction_ks_alert,1,False,False,True
bank-marketing,hgb,gradual,lime,1,feature_ks_alert,1,False,True,False
bank-marketing,hgb,gradual,lime,1,prediction_ks_alert,1,False,True,False
bank-marketing,hgb,gradual,pi,3,feature_ks_alert,1,False,False,True
bank-marketing,hgb,gradual,pi,3,prediction_ks_alert,1,False,False,True
bank-marketing,hgb,gradual,shap,1,feature_ks_alert,1,False,True,False
bank-marketing,hgb,gradual,shap,1,prediction_ks_alert,1,False,True,False
bank-marketing,hgb,mean_shift,lime,1,feature_ks_alert,1,False,True,False
bank-marketing,hgb,mean_shift,lime,1,prediction_ks_alert,1,False,True,False
bank-marketing,hgb,mean_shift,pi,3,feature_ks_alert,1,False,False,True
bank-marketing,hgb,mean_shift,pi,3,prediction_ks_alert,1,False,False,True
bank-marketing,hgb,mean_shift,shap,1,feature_ks_alert,1,False,True,False
bank-marketing,hgb,mean_shift,shap,1,prediction_ks_alert,1,False,True,False
bank-marketing,hgb,missing,lime,1,feature_ks_alert,1,False,True,False
bank-marketing,hgb,missing,lime,1,prediction_ks_alert,2,True,False,False
bank-marketing,hgb,missing,pi,5,feature_ks_alert,1,False,False,True
bank-marketing,hgb,missing,pi,5,prediction_ks_alert,2,False,False,True
bank-marketing,hgb,missing,shap,2,feature_ks_alert,1,False,False,True
bank-marketing,hgb,missing,shap,2,prediction_ks_alert,2,False,True,False
bank-marketing,hgb,noise,lime,1,feature_ks_alert,1,False,True,False
bank-marketing,hgb,noise,lime,1,prediction_ks_alert,1,False,True,False
bank-marketing,hgb,noise,pi,2,feature_ks_alert,1,False,False,True
bank-marketing,hgb,noise,pi,2,prediction_ks_alert,1,False,False,True
bank-marketing,hgb,noise,shap,1,feature_ks_alert,1,False,True,False
bank-marketing,hgb,noise,shap,1,prediction_ks_alert,1,False,True,False
bank-marketing,hgb,quantize,lime,1,feature_ks_alert,1,False,True,False
bank-marketing,hgb,quantize,lime,1,prediction_ks_alert,1,False,True,False
bank-marketing,hgb,quantize,pi,2,feature_ks_alert,1,False,False,True
bank-marketing,hgb,quantize,pi,2,prediction_ks_alert,1,False,False,True
bank-marketing,hgb,quantize,shap,1,feature_ks_alert,1,False,True,False
bank-marketing,hgb,quantize,shap,1,prediction_ks_alert,1,False,True,False
bank-marketing,logreg,gradual,lime,1,feature_ks_alert,1,False,True,False
bank-marketing,logreg,gradual,lime,1,prediction_ks_alert,1,False,True,False
bank-marketing,logreg,gradual,pi,5,feature_ks_alert,1,False,False,True
bank-marketing,logreg,gradual,pi,5,prediction_ks_alert,1,False,False,True
bank-marketing,logreg,gradual,shap,6,feature_ks_alert,1,False,False,True
bank-marketing,logreg,gradual,shap,6,prediction_ks_alert,1,False,False,True
bank-marketing,logreg,mean_shift,lime,1,feature_ks_alert,1,False,True,False
bank-marketing,logreg,mean_shift,lime,1,prediction_ks_alert,1,False,True,False
bank-marketing,logreg,mean_shift,pi,6,feature_ks_alert,1,False,False,True
bank-marketing,logreg,mean_shift,pi,6,prediction_ks_alert,1,False,False,True
bank-marketing,logreg,mean_shift,shap,6,feature_ks_alert,1,False,False,True
bank-marketing,logreg,mean_shift,shap,6,prediction_ks_alert,1,False,False,True
bank-marketing,logreg,missing,lime,1,feature_ks_alert,1,False,True,False
bank-marketing,logreg,missing,lime,1,prediction_ks_alert,2,True,False,False
bank-marketing,logreg,missing,pi,1,feature_ks_alert,1,False,True,False
bank-marketing,logreg,missing,pi,1,prediction_ks_alert,2,True,False,False
bank-marketing,logreg,missing,shap,6,feature_ks_alert,1,False,False,True
bank-marketing,logreg,missing,shap,6,prediction_ks_alert,2,False,False,True
bank-marketing,logreg,noise,lime,1,feature_ks_alert,1,False,True,False
bank-marketing,logreg,noise,lime,1,prediction_ks_alert,3,True,False,False
bank-marketing,logreg,noise,pi,5,feature_ks_alert,1,False,False,True
bank-marketing,logreg,noise,pi,5,prediction_ks_alert,3,False,False,True
bank-marketing,logreg,noise,shap,4,feature_ks_alert,1,False,False,True
bank-marketing,logreg,noise,shap,4,prediction_ks_alert,3,False,False,True
bank-marketing,logreg,quantize,lime,1,feature_ks_alert,1,False,True,False
bank-marketing,logreg,quantize,lime,1,prediction_ks_alert,4,True,False,False
bank-marketing,logreg,quantize,pi,5,feature_ks_alert,1,False,False,True
bank-marketing,logreg,quantize,pi,5,prediction_ks_alert,4,False,False,True
bank-marketing,logreg,quantize,shap,5,feature_ks_alert,1,False,False,True
bank-marketing,logreg,quantize,shap,5,prediction_ks_alert,4,False,False,True
bank-marketing,rf,gradual,lime,1,feature_ks_alert,1,False,True,False
bank-marketing,rf,gradual,lime,1,prediction_ks_alert,1,False,True,False
bank-marketing,rf,gradual,pi,1,feature_ks_alert,1,False,True,False
bank-marketing,rf,gradual,pi,1,prediction_ks_alert,1,False,True,False
bank-marketing,rf,gradual,shap,1,feature_ks_alert,1,False,True,False
bank-marketing,rf,gradual,shap,1,prediction_ks_alert,1,False,True,False
bank-marketing,rf,mean_shift,lime,1,feature_ks_alert,1,False,True,False
bank-marketing,rf,mean_shift,lime,1,prediction_ks_alert,1,False,True,False
bank-marketing,rf,mean_shift,pi,1,feature_ks_alert,1,False,True,False
bank-marketing,rf,mean_shift,pi,1,prediction_ks_alert,1,False,True,False
bank-marketing,rf,mean_shift,shap,1,feature_ks_alert,1,False,True,False
bank-marketing,rf,mean_shift,shap,1,prediction_ks_alert,1,False,True,False
bank-marketing,rf,missing,lime,1,feature_ks_alert,1,False,True,False
bank-marketing,rf,missing,lime,1,prediction_ks_alert,2,True,False,False
bank-marketing,rf,missing,pi,2,feature_ks_alert,1,False,False,True
bank-marketing,rf,missing,pi,2,prediction_ks_alert,2,False,True,False
bank-marketing,rf,missing,shap,5,feature_ks_alert,1,False,False,True
bank-marketing,rf,missing,shap,5,prediction_ks_alert,2,False,False,True
bank-marketing,rf,noise,lime,1,feature_ks_alert,1,False,True,False
bank-marketing,rf,noise,lime,1,prediction_ks_alert,1,False,True,False
bank-marketing,rf,noise,pi,3,feature_ks_alert,1,False,False,True
bank-marketing,rf,noise,pi,3,prediction_ks_alert,1,False,False,True
bank-marketing,rf,noise,shap,2,feature_ks_alert,1,False,False,True
bank-marketing,rf,noise,shap,2,prediction_ks_alert,1,False,False,True
bank-marketing,rf,quantize,lime,1,feature_ks_alert,1,False,True,False
bank-marketing,rf,quantize,lime,1,prediction_ks_alert,1,False,True,False
bank-marketing,rf,quantize,pi,3,feature_ks_alert,1,False,False,True
bank-marketing,rf,quantize,pi,3,prediction_ks_alert,1,False,False,True
bank-marketing,rf,quantize,shap,2,feature_ks_alert,1,False,False,True
bank-marketing,rf,quantize,shap,2,prediction_ks_alert,1,False,False,True
electricity,hgb,gradual,lime,1,feature_ks_alert,1,False,True,False
electricity,hgb,gradual,lime,1,prediction_ks_alert,1,False,True,False
electricity,hgb,gradual,pi,1,feature_ks_alert,1,False,True,False
electricity,hgb,gradual,pi,1,prediction_ks_alert,1,False,True,False
electricity,hgb,gradual,shap,1,feature_ks_alert,1,False,True,False
electricity,hgb,gradual,shap,1,prediction_ks_alert,1,False,True,False
electricity,hgb,mean_shift,lime,1,feature_ks_alert,1,False,True,False
electricity,hgb,mean_shift,lime,1,prediction_ks_alert,1,False,True,False
electricity,hgb,mean_shift,pi,1,feature_ks_alert,1,False,True,False
electricity,hgb,mean_shift,pi,1,prediction_ks_alert,1,False,True,False
electricity,hgb,mean_shift,shap,1,feature_ks_alert,1,False,True,False
electricity,hgb,mean_shift,shap,1,prediction_ks_alert,1,False,True,False
electricity,hgb,missing,lime,1,feature_ks_alert,1,False,True,False
electricity,hgb,missing,lime,1,prediction_ks_alert,1,False,True,False
electricity,hgb,missing,pi,1,feature_ks_alert,1,False,True,False
electricity,hgb,missing,pi,1,prediction_ks_alert,1,False,True,False
electricity,hgb,missing,shap,3,feature_ks_alert,1,False,False,True
electricity,hgb,missing,shap,3,prediction_ks_alert,1,False,False,True
electricity,hgb,noise,lime,1,feature_ks_alert,1,False,True,False
electricity,hgb,noise,lime,1,prediction_ks_alert,1,False,True,False
electricity,hgb,noise,pi,1,feature_ks_alert,1,False,True,False
electricity,hgb,noise,pi,1,prediction_ks_alert,1,False,True,False
electricity,hgb,noise,shap,1,feature_ks_alert,1,False,True,False
electricity,hgb,noise,shap,1,prediction_ks_alert,1,False,True,False
electricity,hgb,quantize,lime,1,feature_ks_alert,1,False,True,False
electricity,hgb,quantize,lime,1,prediction_ks_alert,1,False,True,False
electricity,hgb,quantize,pi,2,feature_ks_alert,1,False,False,True
electricity,hgb,quantize,pi,2,prediction_ks_alert,1,False,False,True
electricity,hgb,quantize,shap,1,feature_ks_alert,1,False,True,False
electricity,hgb,quantize,shap,1,prediction_ks_alert,1,False,True,False
electricity,logreg,gradual,lime,1,feature_ks_alert,1,False,True,False
electricity,logreg,gradual,lime,1,prediction_ks_alert,1,False,True,False
electricity,logreg,gradual,pi,6,feature_ks_alert,1,False,False,True
electricity,logreg,gradual,pi,6,prediction_ks_alert,1,False,False,True
electricity,logreg,gradual,shap,1,feature_ks_alert,1,False,True,False
electricity,logreg,gradual,shap,1,prediction_ks_alert,1,False,True,False
electricity,logreg,mean_shift,lime,1,feature_ks_alert,1,False,True,False
electricity,logreg,mean_shift,lime,1,prediction_ks_alert,1,False,True,False
electricity,logreg,mean_shift,pi,6,feature_ks_alert,1,False,False,True
electricity,logreg,mean_shift,pi,6,prediction_ks_alert,1,False,False,True
electricity,logreg,mean_shift,shap,1,feature_ks_alert,1,False,True,False
electricity,logreg,mean_shift,shap,1,prediction_ks_alert,1,False,True,False
electricity,logreg,missing,lime,1,feature_ks_alert,1,False,True,False
electricity,logreg,missing,lime,1,prediction_ks_alert,1,False,True,False
electricity,logreg,missing,pi,2,feature_ks_alert,1,False,False,True
electricity,logreg,missing,pi,2,prediction_ks_alert,1,False,False,True
electricity,logreg,missing,shap,6,feature_ks_alert,1,False,False,True
electricity,logreg,missing,shap,6,prediction_ks_alert,1,False,False,True
electricity,logreg,noise,lime,1,feature_ks_alert,1,False,True,False
electricity,logreg,noise,lime,1,prediction_ks_alert,2,True,False,False
electricity,logreg,noise,pi,3,feature_ks_alert,1,False,False,True
electricity,logreg,noise,pi,3,prediction_ks_alert,2,False,False,True
electricity,logreg,noise,shap,3,feature_ks_alert,1,False,False,True
electricity,logreg,noise,shap,3,prediction_ks_alert,2,False,False,True
electricity,logreg,quantize,lime,1,feature_ks_alert,1,False,True,False
electricity,logreg,quantize,lime,1,prediction_ks_alert,3,True,False,False
electricity,logreg,quantize,pi,4,feature_ks_alert,1,False,False,True
electricity,logreg,quantize,pi,4,prediction_ks_alert,3,False,False,True
electricity,logreg,quantize,shap,6,feature_ks_alert,1,False,False,True
electricity,logreg,quantize,shap,6,prediction_ks_alert,3,False,False,True
electricity,rf,gradual,lime,1,feature_ks_alert,1,False,True,False
electricity,rf,gradual,lime,1,prediction_ks_alert,1,False,True,False
electricity,rf,gradual,pi,1,feature_ks_alert,1,False,True,False
electricity,rf,gradual,pi,1,prediction_ks_alert,1,False,True,False
electricity,rf,gradual,shap,1,feature_ks_alert,1,False,True,False
electricity,rf,gradual,shap,1,prediction_ks_alert,1,False,True,False
electricity,rf,mean_shift,lime,1,feature_ks_alert,1,False,True,False
electricity,rf,mean_shift,lime,1,prediction_ks_alert,1,False,True,False
electricity,rf,mean_shift,pi,1,feature_ks_alert,1,False,True,False
electricity,rf,mean_shift,pi,1,prediction_ks_alert,1,False,True,False
electricity,rf,mean_shift,shap,1,feature_ks_alert,1,False,True,False
electricity,rf,mean_shift,shap,1,prediction_ks_alert,1,False,True,False
electricity,rf,missing,lime,1,feature_ks_alert,1,False,True,False
electricity,rf,missing,lime,1,prediction_ks_alert,1,False,True,False
electricity,rf,missing,pi,1,feature_ks_alert,1,False,True,False
electricity,rf,missing,pi,1,prediction_ks_alert,1,False,True,False
electricity,rf,missing,shap,3,feature_ks_alert,1,False,False,True
electricity,rf,missing,shap,3,prediction_ks_alert,1,False,False,True
electricity,rf,noise,lime,1,feature_ks_alert,1,False,True,False
electricity,rf,noise,lime,1,prediction_ks_alert,1,False,True,False
electricity,rf,noise,pi,1,feature_ks_alert,1,False,True,False
electricity,rf,noise,pi,1,prediction_ks_alert,1,False,True,False
electricity,rf,noise,shap,1,feature_ks_alert,1,False,True,False
electricity,rf,noise,shap,1,prediction_ks_alert,1,False,True,False
electricity,rf,quantize,lime,1,feature_ks_alert,1,False,True,False
electricity,rf,quantize,lime,1,prediction_ks_alert,1,False,True,False
electricity,rf,quantize,pi,1,feature_ks_alert,1,False,True,False
electricity,rf,quantize,pi,1,prediction_ks_alert,1,False,True,False
electricity,rf,quantize,shap,1,feature_ks_alert,1,False,True,False
electricity,rf,quantize,shap,1,prediction_ks_alert,1,False,True,False
