dataset,seed,model,scenario,sev_idx,severity,feature_ks_p_adj,feature_ks_alert,feature_max_std_mean_shift,prediction_ks_p,prediction_ks_alert
adult,0,logreg,mean_shift,1,0.25,0.0,True,0.25000000000000017,1.3428763724520646e-117,True
adult,0,rf,mean_shift,1,0.25,0.0,True,0.25000000000000017,3.452805637842513e-20,True
adult,0,hgb,mean_shift,1,0.25,0.0,True,0.25000000000000017,0.0,True
adult,0,logreg,mean_shift,2,0.5,0.0,True,0.5000000000000003,0.0,True
adult,0,rf,mean_shift,2,0.5,0.0,True,0.5000000000000003,1.7345711539264214e-80,True
adult,0,hgb,mean_shift,2,0.5,0.0,True,0.5000000000000003,0.0,True
adult,0,logreg,mean_shift,3,1.0,0.0,True,1.000000000000001,0.0,True
adult,0,rf,mean_shift,3,1.0,0.0,True,1.000000000000001,0.0,True
adult,0,hgb,mean_shift,3,1.0,0.0,True,1.000000000000001,0.0,True
adult,0,logreg,mean_shift,4,1.5,0.0,True,1.5000000000000007,0.0,True
adult,0,rf,mean_shift,4,1.5,0.0,True,1.5000000000000007,0.0,True
adult,0,hgb,mean_shift,4,1.5,0.0,True,1.5000000000000007,0.0,True
adult,0,logreg,mean_shift,5,2.0,0.0,True,2.0000000000000018,0.0,True
adult,0,rf,mean_shift,5,2.0,0.0,True,2.0000000000000018,0.0,True
adult,0,hgb,mean_shift,5,2.0,0.0,True,2.0000000000000018,0.0,True
adult,0,logreg,noise,1,0.1,0.0,True,0.0013061883014800141,0.9886580916248792,False
adult,0,rf,noise,1,0.1,0.0,True,0.0013061883014800141,0.6672028244958716,False
adult,0,hgb,noise,1,0.1,0.0,True,0.0013061883014800141,1.2071722721555216e-132,True
adult,0,logreg,noise,2,0.25,0.0,True,0.0026854153365631845,0.1190195431906047,False
adult,0,rf,noise,2,0.25,0.0,True,0.0026854153365631845,0.0001086444509960387,True
adult,0,hgb,noise,2,0.25,0.0,True,0.0026854153365631845,1.7661051144854672e-137,True
adult,0,logreg,noise,3,0.5,0.0,True,0.008734666708102249,2.81061831884679e-06,True
adult,0,rf,noise,3,0.5,0.0,True,0.008734666708102249,4.2349603932166545e-34,True
adult,0,hgb,noise,3,0.5,0.0,True,0.008734666708102249,6.190931821722791e-67,True
adult,0,logreg,noise,4,0.75,0.0,True,0.008944474945965267,3.7364913021938587e-26,True
adult,0,rf,noise,4,0.75,0.0,True,0.008944474945965267,1.6581847218596111e-88,True
adult,0,hgb,noise,4,0.75,0.0,True,0.008944474945965267,3.2039335442199704e-36,True
adult,0,logreg,noise,5,1.0,0.0,True,0.013059184167788628,3.646395310826093e-54,True
adult,0,rf,noise,5,1.0,0.0,True,0.013059184167788628,2.715037993970285e-145,True
adult,0,hgb,noise,5,1.0,0.0,True,0.013059184167788628,6.510657338386657e-97,True
adult,0,logreg,missing,1,0.1,1.307187207516956e-16,True,0.0173017842637735,0.10944935753740404,False
adult,0,rf,missing,1,0.1,1.307187207516956e-16,True,0.0173017842637735,0.2629470047693707,False
adult,0,hgb,missing,1,0.1,1.307187207516956e-16,True,0.0173017842637735,0.021797687125796557,False
adult,0,logreg,missing,2,0.2,1.344797116005537e-63,True,0.039681301678122075,1.9317114537406704e-05,True
adult,0,rf,missing,2,0.2,1.344797116005537e-63,True,0.039681301678122075,0.002568725452087051,True
adult,0,hgb,missing,2,0.2,1.344797116005537e-63,True,0.039681301678122075,3.5508912297670084e-08,True
adult,0,logreg,missing,3,0.3,9.014150834950078e-149,True,0.05824073122406223,7.168897210099548e-12,True
adult,0,rf,missing,3,0.3,9.014150834950078e-149,True,0.05824073122406223,3.301417709181673e-07,True
adult,0,hgb,missing,3,0.3,9.014150834950078e-149,True,0.05824073122406223,5.619438739321807e-18,True
adult,0,logreg,missing,4,0.4,5.357703449870425e-265,True,0.08004446798685012,1.615361983308457e-21,True
adult,0,rf,missing,4,0.4,5.357703449870425e-265,True,0.08004446798685012,7.220441367110224e-14,True
adult,0,hgb,missing,4,0.4,5.357703449870425e-265,True,0.08004446798685012,7.357189363816726e-32,True
adult,0,logreg,missing,5,0.5,0.0,True,0.10177190164906603,8.766676662920687e-33,True
adult,0,rf,missing,5,0.5,0.0,True,0.10177190164906603,5.066409358430624e-22,True
adult,0,hgb,missing,5,0.5,0.0,True,0.10177190164906603,7.724725031625055e-57,True
adult,0,logreg,quantize,1,32.0,0.0,True,0.06594450135765328,0.03757432973221175,False
adult,0,rf,quantize,1,32.0,0.0,True,0.06594450135765328,0.08699725427903315,False
adult,0,hgb,quantize,1,32.0,0.0,True,0.06594450135765328,0.0,True
adult,0,logreg,quantize,2,16.0,0.0,True,0.13842150191302616,2.6315158080169385e-09,True
adult,0,rf,quantize,2,16.0,0.0,True,0.13842150191302616,5.191936885700076e-05,True
adult,0,hgb,quantize,2,16.0,0.0,True,0.13842150191302616,0.0,True
adult,0,logreg,quantize,3,8.0,0.0,True,0.28075389409100127,1.4555265441570428e-19,True
adult,0,rf,quantize,3,8.0,0.0,True,0.28075389409100127,0.6966588672532825,False
adult,0,hgb,quantize,3,8.0,0.0,True,0.28075389409100127,0.0,True
adult,0,logreg,quantize,4,4.0,0.0,True,0.5682290432228817,6.264954973833391e-61,True
adult,0,rf,quantize,4,4.0,0.0,True,0.5682290432228817,9.062109063492625e-22,True
adult,0,hgb,quantize,4,4.0,0.0,True,0.5682290432228817,0.0,True
adult,0,logreg,quantize,5,2.0,0.0,True,1.1320217738687712,4.074212026076017e-207,True
adult,0,rf,quantize,5,2.0,0.0,True,1.1320217738687712,3.0712794622129326e-123,True
adult,0,hgb,quantize,5,2.0,0.0,True,1.1320217738687712,0.0,True
adult,0,logreg,gradual,1,0.2,0.0,True,0.3007606940935836,1.5014952534845325e-154,True
adult,0,rf,gradual,1,0.2,0.0,True,0.3007606940935836,1.4396756384445485e-23,True
adult,0,hgb,gradual,1,0.2,0.0,True,0.3007606940935836,0.0,True
adult,0,logreg,gradual,2,0.4,0.0,True,0.6015213881871672,0.0,True
adult,0,rf,gradual,2,0.4,0.0,True,0.6015213881871672,3.4465660070335505e-140,True
adult,0,hgb,gradual,2,0.4,0.0,True,0.6015213881871672,3.1415641745094724e-174,True
adult,0,logreg,gradual,3,0.6,0.0,True,0.9022820822807508,0.0,True
adult,0,rf,gradual,3,0.6,0.0,True,0.9022820822807508,0.0,True
adult,0,hgb,gradual,3,0.6,0.0,True,0.9022820822807508,0.0,True
adult,0,logreg,gradual,4,0.8,0.0,True,1.2030427763743343,0.0,True
adult,0,rf,gradual,4,0.8,0.0,True,1.2030427763743343,0.0,True
adult,0,hgb,gradual,4,0.8,0.0,True,1.2030427763743343,0.0,True
adult,0,logreg,gradual,5,1.0,0.0,True,1.5038034704679164,0.0,True
adult,0,rf,gradual,5,1.0,0.0,True,1.5038034704679164,0.0,True
adult,0,hgb,gradual,5,1.0,0.0,True,1.5038034704679164,0.0,True
adult,1,logreg,mean_shift,1,0.25,0.0,True,0.2500000000000001,9.740780531986863e-108,True
adult,1,rf,mean_shift,1,0.25,0.0,True,0.2500000000000001,9.765622040500946e-23,True
adult,1,hgb,mean_shift,1,0.25,0.0,True,0.2500000000000001,0.0,True
adult,1,logreg,mean_shift,2,0.5,0.0,True,0.49999999999999994,0.0,True
adult,1,rf,mean_shift,2,0.5,0.0,True,0.49999999999999994,5.407188893654664e-138,True
adult,1,hgb,mean_shift,2,0.5,0.0,True,0.49999999999999994,0.0,True
adult,1,logreg,mean_shift,3,1.0,0.0,True,1.0000000000000009,0.0,True
adult,1,rf,mean_shift,3,1.0,0.0,True,1.0000000000000009,0.0,True
adult,1,hgb,mean_shift,3,1.0,0.0,True,1.0000000000000009,0.0,True
adult,1,logreg,mean_shift,4,1.5,0.0,True,1.5000000000000009,0.0,True
adult,1,rf,mean_shift,4,1.5,0.0,True,1.5000000000000009,0.0,True
adult,1,hgb,mean_shift,4,1.5,0.0,True,1.5000000000000009,0.0,True
adult,1,logreg,mean_shift,5,2.0,0.0,True,2.0000000000000018,0.0,True
adult,1,rf,mean_shift,5,2.0,0.0,True,2.0000000000000018,0.0,True
adult,1,hgb,mean_shift,5,2.0,0.0,True,2.0000000000000018,0.0,True
adult,1,logreg,noise,1,0.1,0.0,True,0.0012934537889244789,0.9991766177813247,False
adult,1,rf,noise,1,0.1,0.0,True,0.0012934537889244789,0.24498959617385319,False
adult,1,hgb,noise,1,0.1,0.0,True,0.0012934537889244789,1.8309668870536904e-156,True
adult,1,logreg,noise,2,0.25,0.0,True,0.003652692508515064,0.2066650609262457,False
adult,1,rf,noise,2,0.25,0.0,True,0.003652692508515064,8.683280193469725e-06,True
adult,1,hgb,noise,2,0.25,0.0,True,0.003652692508515064,3.305513774393241e-172,True
adult,1,logreg,noise,3,0.5,0.0,True,0.004406901815663565,5.769653571360684e-08,True
adult,1,rf,noise,3,0.5,0.0,True,0.004406901815663565,3.255804035241585e-41,True
adult,1,hgb,noise,3,0.5,0.0,True,0.004406901815663565,3.7099563657626377e-90,True
adult,1,logreg,noise,4,0.75,0.0,True,0.009253838573034844,2.3310565129453693e-23,True
adult,1,rf,noise,4,0.75,0.0,True,0.009253838573034844,1.280521669308256e-99,True
adult,1,hgb,noise,4,0.75,0.0,True,0.009253838573034844,4.0413381754942245e-35,True
adult,1,logreg,noise,5,1.0,0.0,True,0.0159122743541365,4.194273822856322e-52,True
adult,1,rf,noise,5,1.0,0.0,True,0.0159122743541365,8.852367582819559e-167,True
adult,1,hgb,noise,5,1.0,0.0,True,0.0159122743541365,3.490812095848138e-99,True
adult,1,logreg,missing,1,0.1,1.3121699296240734e-14,True,0.020100171271538195,0.1731242686726029,False
adult,1,rf,missing,1,0.1,1.3121699296240734e-14,True,0.020100171271538195,0.3154704700175591,False
adult,1,hgb,missing,1,0.1,1.3121699296240734e-14,True,0.020100171271538195,0.036354316659095054,False
adult,1,logreg,missing,2,0.2,1.488229119188708e-62,True,0.04630535916230921,7.535671742042298e-05,True
adult,1,rf,missing,2,0.2,1.488229119188708e-62,True,0.04630535916230921,0.0009727681965399452,True
adult,1,hgb,missing,2,0.2,1.488229119188708e-62,True,0.04630535916230921,1.7064108543127187e-07,True
adult,1,logreg,missing,3,0.3,2.6627593481311005e-147,True,0.06399028615500253,1.6636006886886656e-11,True
adult,1,rf,missing,3,0.3,2.6627593481311005e-147,True,0.06399028615500253,2.170780854693092e-08,True
adult,1,hgb,missing,3,0.3,2.6627593481311005e-147,True,0.06399028615500253,8.547491065237586e-18,True
adult,1,logreg,missing,4,0.4,2.0001392567008e-272,True,0.08722185861510003,6.021276417537536e-20,True
adult,1,rf,missing,4,0.4,2.0001392567008e-272,True,0.08722185861510003,1.5142939587231372e-16,True
adult,1,hgb,missing,4,0.4,2.0001392567008e-272,True,0.08722185861510003,3.1633306380695455e-34,True
adult,1,logreg,missing,5,0.5,0.0,True,0.10937222457261575,1.7876633122576039e-32,True
adult,1,rf,missing,5,0.5,0.0,True,0.10937222457261575,3.1912957007234533e-25,True
adult,1,hgb,missing,5,0.5,0.0,True,0.10937222457261575,1.0990752440496108e-53,True
adult,1,logreg,quantize,1,32.0,0.0,True,0.06463736663201919,0.05026189149141813,False
adult,1,rf,quantize,1,32.0,0.0,True,0.06463736663201919,6.4840213056591955e-06,True
adult,1,hgb,quantize,1,32.0,0.0,True,0.06463736663201919,0.0,True
adult,1,logreg,quantize,2,16.0,0.0,True,0.13801444686188036,2.0223060332285517e-08,True
adult,1,rf,quantize,2,16.0,0.0,True,0.13801444686188036,1.0103003579168252e-10,True
adult,1,hgb,quantize,2,16.0,0.0,True,0.13801444686188036,0.0,True
adult,1,logreg,quantize,3,8.0,0.0,True,0.2818979543241293,4.82927927602126e-19,True
adult,1,rf,quantize,3,8.0,0.0,True,0.2818979543241293,0.0003619845399612952,True
adult,1,hgb,quantize,3,8.0,0.0,True,0.2818979543241293,0.0,True
adult,1,logreg,quantize,4,4.0,0.0,True,0.5718764352614955,1.0711539934750006e-61,True
adult,1,rf,quantize,4,4.0,0.0,True,0.5718764352614955,7.698240236114916e-18,True
adult,1,hgb,quantize,4,4.0,0.0,True,0.5718764352614955,0.0,True
adult,1,logreg,quantize,5,2.0,0.0,True,1.141031236227217,8.8486747592905e-190,True
adult,1,rf,quantize,5,2.0,0.0,True,1.141031236227217,2.4957597676364965e-183,True
adult,1,hgb,quantize,5,2.0,0.0,True,1.141031236227217,0.0,True
adult,1,logreg,gradual,1,0.2,0.0,True,0.3004254620995237,1.477567607397781e-145,True
adult,1,rf,gradual,1,0.2,0.0,True,0.3004254620995237,9.080496604162921e-26,True
adult,1,hgb,gradual,1,0.2,0.0,True,0.3004254620995237,0.0,True
adult,1,logreg,gradual,2,0.4,0.0,True,0.6008509241990476,0.0,True
adult,1,rf,gradual,2,0.4,0.0,True,0.6008509241990476,1.6154784109421175e-259,True
adult,1,hgb,gradual,2,0.4,0.0,True,0.6008509241990476,0.0,True
adult,1,logreg,gradual,3,0.6,0.0,True,0.9012763862985711,0.0,True
adult,1,rf,gradual,3,0.6,0.0,True,0.9012763862985711,0.0,True
adult,1,hgb,gradual,3,0.6,0.0,True,0.9012763862985711,0.0,True
adult,1,logreg,gradual,4,0.8,0.0,True,1.2017018483980955,0.0,True
adult,1,rf,gradual,4,0.8,0.0,True,1.2017018483980955,0.0,True
adult,1,hgb,gradual,4,0.8,0.0,True,1.2017018483980955,0.0,True
adult,1,logreg,gradual,5,1.0,0.0,True,1.5021273104976185,0.0,True
adult,1,rf,gradual,5,1.0,0.0,True,1.5021273104976185,0.0,True
adult,1,hgb,gradual,5,1.0,0.0,True,1.5021273104976185,0.0,True
adult,2,logreg,mean_shift,1,0.25,0.0,True,0.25000000000000006,9.050151664928534e-117,True
adult,2,rf,mean_shift,1,0.25,0.0,True,0.25000000000000006,5.38895193149217e-20,True
adult,2,hgb,mean_shift,1,0.25,0.0,True,0.25000000000000006,0.0,True
adult,2,logreg,mean_shift,2,0.5,0.0,True,0.5000000000000006,0.0,True
adult,2,rf,mean_shift,2,0.5,0.0,True,0.5000000000000006,1.366072633106388e-101,True
adult,2,hgb,mean_shift,2,0.5,0.0,True,0.5000000000000006,0.0,True
adult,2,logreg,mean_shift,3,1.0,0.0,True,1.0000000000000004,0.0,True
adult,2,rf,mean_shift,3,1.0,0.0,True,1.0000000000000004,0.0,True
adult,2,hgb,mean_shift,3,1.0,0.0,True,1.0000000000000004,0.0,True
adult,2,logreg,mean_shift,4,1.5,0.0,True,1.5000000000000018,0.0,True
adult,2,rf,mean_shift,4,1.5,0.0,True,1.5000000000000018,0.0,True
adult,2,hgb,mean_shift,4,1.5,0.0,True,1.5000000000000018,0.0,True
adult,2,logreg,mean_shift,5,2.0,0.0,True,2.000000000000001,0.0,True
adult,2,rf,mean_shift,5,2.0,0.0,True,2.000000000000001,0.0,True
adult,2,hgb,mean_shift,5,2.0,0.0,True,2.000000000000001,0.0,True
adult,2,logreg,noise,1,0.1,0.0,True,0.0008120803000615946,0.9482653832312884,False
adult,2,rf,noise,1,0.1,0.0,True,0.0008120803000615946,0.31547047001755313,False
adult,2,hgb,noise,1,0.1,0.0,True,0.0008120803000615946,4.718462205217508e-156,True
adult,2,logreg,noise,2,0.25,0.0,True,0.003215279722502531,0.25087146049735387,False
adult,2,rf,noise,2,0.25,0.0,True,0.003215279722502531,5.432862725881063e-06,True
adult,2,hgb,noise,2,0.25,0.0,True,0.003215279722502531,5.864509690842637e-181,True
adult,2,logreg,noise,3,0.5,0.0,True,0.004391482943673644,1.1409438235446411e-07,True
adult,2,rf,noise,3,0.5,0.0,True,0.004391482943673644,1.2972711440924862e-36,True
adult,2,hgb,noise,3,0.5,0.0,True,0.004391482943673644,1.2647115209672965e-107,True
adult,2,logreg,noise,4,0.75,0.0,True,0.011760194568280372,2.194945910525834e-27,True
adult,2,rf,noise,4,0.75,0.0,True,0.011760194568280372,7.683038912966268e-96,True
adult,2,hgb,noise,4,0.75,0.0,True,0.011760194568280372,3.48535866893685e-35,True
adult,2,logreg,noise,5,1.0,0.0,True,0.00801473565566343,2.9994205413667394e-57,True
adult,2,rf,noise,5,1.0,0.0,True,0.00801473565566343,3.148224081505122e-141,True
adult,2,hgb,noise,5,1.0,0.0,True,0.00801473565566343,5.658698354019066e-87,True
adult,2,logreg,missing,1,0.1,3.2950922745835356e-16,True,0.029710854222068133,0.11256621241069131,False
adult,2,rf,missing,1,0.1,3.2950922745835356e-16,True,0.029710854222068133,0.1364881772098624,False
adult,2,hgb,missing,1,0.1,3.2950922745835356e-16,True,0.029710854222068133,0.010911139884079329,False
adult,2,logreg,missing,2,0.2,9.132880829410338e-69,True,0.04737844263406573,1.2272496670086308e-05,True
adult,2,rf,missing,2,0.2,9.132880829410338e-69,True,0.04737844263406573,0.0006722696652165227,True
adult,2,hgb,missing,2,0.2,9.132880829410338e-69,True,0.04737844263406573,1.6337414809307247e-08,True
adult,2,logreg,missing,3,0.3,1.3403803048797497e-151,True,0.06052605010314064,7.313956998741205e-11,True
adult,2,rf,missing,3,0.3,1.3403803048797497e-151,True,0.06052605010314064,1.9151181414351218e-10,True
adult,2,hgb,missing,3,0.3,1.3403803048797497e-151,True,0.06052605010314064,1.142415591399562e-21,True
adult,2,logreg,missing,4,0.4,7.4836028567957885e-258,True,0.08315378532029248,2.6196985515616624e-24,True
adult,2,rf,missing,4,0.4,7.4836028567957885e-258,True,0.08315378532029248,2.2633018802630225e-16,True
adult,2,hgb,missing,4,0.4,7.4836028567957885e-258,True,0.08315378532029248,1.5087670316122563e-36,True
adult,2,logreg,missing,5,0.5,0.0,True,0.11300635314424275,6.17899404195431e-41,True
adult,2,rf,missing,5,0.5,0.0,True,0.11300635314424275,3.058704909377719e-28,True
adult,2,hgb,missing,5,0.5,0.0,True,0.11300635314424275,2.4556310564914554e-60,True
adult,2,logreg,quantize,1,32.0,0.0,True,0.06265584120287275,0.03401790172525232,False
adult,2,rf,quantize,1,32.0,0.0,True,0.06265584120287275,1.826096648795706e-05,True
adult,2,hgb,quantize,1,32.0,0.0,True,0.06265584120287275,0.0,True
adult,2,logreg,quantize,2,16.0,0.0,True,0.13576741439617734,6.389494617949478e-09,True
adult,2,rf,quantize,2,16.0,0.0,True,0.13576741439617734,1.6763671699876013e-09,True
adult,2,hgb,quantize,2,16.0,0.0,True,0.13576741439617734,0.0,True
adult,2,logreg,quantize,3,8.0,0.0,True,0.27920153465417835,8.54749106523795e-18,True
adult,2,rf,quantize,3,8.0,0.0,True,0.27920153465417835,0.05699678486243509,False
adult,2,hgb,quantize,3,8.0,0.0,True,0.27920153465417835,0.0,True
adult,2,logreg,quantize,4,4.0,0.0,True,0.566323323000054,4.20365099629265e-56,True
adult,2,rf,quantize,4,4.0,0.0,True,0.566323323000054,3.0880924617740853e-20,True
adult,2,hgb,quantize,4,4.0,0.0,True,0.566323323000054,0.0,True
adult,2,logreg,quantize,5,2.0,0.0,True,1.128143056028005,7.251323565489936e-203,True
adult,2,rf,quantize,5,2.0,0.0,True,1.128143056028005,5.200083058200893e-142,True
adult,2,hgb,quantize,5,2.0,0.0,True,1.128143056028005,0.0,True
adult,2,logreg,gradual,1,0.2,0.0,True,0.30034175228824755,6.467224834497355e-156,True
adult,2,rf,gradual,1,0.2,0.0,True,0.30034175228824755,5.066409358430624e-22,True
adult,2,hgb,gradual,1,0.2,0.0,True,0.30034175228824755,0.0,True
adult,2,logreg,gradual,2,0.4,0.0,True,0.6006835045764951,0.0,True
adult,2,rf,gradual,2,0.4,0.0,True,0.6006835045764951,7.758321657373506e-163,True
adult,2,hgb,gradual,2,0.4,0.0,True,0.6006835045764951,0.0,True
adult,2,logreg,gradual,3,0.6,0.0,True,0.9010252568647423,0.0,True
adult,2,rf,gradual,3,0.6,0.0,True,0.9010252568647423,0.0,True
adult,2,hgb,gradual,3,0.6,0.0,True,0.9010252568647423,0.0,True
adult,2,logreg,gradual,4,0.8,0.0,True,1.2013670091529902,0.0,True
adult,2,rf,gradual,4,0.8,0.0,True,1.2013670091529902,0.0,True
adult,2,hgb,gradual,4,0.8,0.0,True,1.2013670091529902,0.0,True
adult,2,logreg,gradual,5,1.0,0.0,True,1.501708761441237,0.0,True
adult,2,rf,gradual,5,1.0,0.0,True,1.501708761441237,0.0,True
adult,2,hgb,gradual,5,1.0,0.0,True,1.501708761441237,0.0,True
adult,3,logreg,mean_shift,1,0.25,0.0,True,0.2500000000000006,1.789612769004934e-115,True
adult,3,rf,mean_shift,1,0.25,0.0,True,0.2500000000000006,3.243333337897655e-27,True
adult,3,hgb,mean_shift,1,0.25,0.0,True,0.2500000000000006,0.0,True
adult,3,logreg,mean_shift,2,0.5,0.0,True,0.5000000000000001,0.0,True
adult,3,rf,mean_shift,2,0.5,0.0,True,0.5000000000000001,2.2022290026628008e-100,True
adult,3,hgb,mean_shift,2,0.5,0.0,True,0.5000000000000001,0.0,True
adult,3,logreg,mean_shift,3,1.0,0.0,True,1.0000000000000009,0.0,True
adult,3,rf,mean_shift,3,1.0,0.0,True,1.0000000000000009,0.0,True
adult,3,hgb,mean_shift,3,1.0,0.0,True,1.0000000000000009,0.0,True
adult,3,logreg,mean_shift,4,1.5,0.0,True,1.5000000000000007,0.0,True
adult,3,rf,mean_shift,4,1.5,0.0,True,1.5000000000000007,0.0,True
adult,3,hgb,mean_shift,4,1.5,0.0,True,1.5000000000000007,0.0,True
adult,3,logreg,mean_shift,5,2.0,0.0,True,2.0000000000000004,0.0,True
adult,3,rf,mean_shift,5,2.0,0.0,True,2.0000000000000004,0.0,True
adult,3,hgb,mean_shift,5,2.0,0.0,True,2.0000000000000004,0.0,True
adult,3,logreg,noise,1,0.1,0.0,True,0.0013891545590285002,0.9684844459892068,False
adult,3,rf,noise,1,0.1,0.0,True,0.0013891545590285002,0.18693325034761776,False
adult,3,hgb,noise,1,0.1,0.0,True,0.0013891545590285002,4.7040667691905794e-169,True
adult,3,logreg,noise,2,0.25,0.0,True,0.0034935880193022765,0.3517559293781354,False
adult,3,rf,noise,2,0.25,0.0,True,0.0034935880193022765,4.9201559614654914e-05,True
adult,3,hgb,noise,2,0.25,0.0,True,0.0034935880193022765,6.538074362769524e-170,True
adult,3,logreg,noise,3,0.5,0.0,True,0.0068439147584595785,1.7064108543128574e-07,True
adult,3,rf,noise,3,0.5,0.0,True,0.0068439147584595785,2.7567123035652277e-39,True
adult,3,hgb,noise,3,0.5,0.0,True,0.0068439147584595785,1.1362297602409278e-75,True
adult,3,logreg,noise,4,0.75,0.0,True,0.014230035104187905,5.455435755558419e-24,True
adult,3,rf,noise,4,0.75,0.0,True,0.014230035104187905,1.8836748368286753e-92,True
adult,3,hgb,noise,4,0.75,0.0,True,0.014230035104187905,5.578611095390815e-47,True
adult,3,logreg,noise,5,1.0,0.0,True,0.016042709957310906,1.2182101720291832e-62,True
adult,3,rf,noise,5,1.0,0.0,True,0.016042709957310906,1.7019627014769225e-159,True
adult,3,hgb,noise,5,1.0,0.0,True,0.016042709957310906,1.04464308457144e-110,True
adult,3,logreg,missing,1,0.1,7.425718173501466e-16,True,0.02580437141838416,0.1601332450887326,False
adult,3,rf,missing,1,0.1,7.425718173501466e-16,True,0.02580437141838416,0.16870444918744643,False
adult,3,hgb,missing,1,0.1,7.425718173501466e-16,True,0.02580437141838416,0.016386123472392156,False
adult,3,logreg,missing,2,0.2,2.8704068175734653e-65,True,0.041061007796937984,7.943243726987704e-05,True
adult,3,rf,missing,2,0.2,2.8704068175734653e-65,True,0.041061007796937984,0.00014051332535646748,True
adult,3,hgb,missing,2,0.2,2.8704068175734653e-65,True,0.041061007796937984,1.2205321405455967e-07,True
adult,3,logreg,missing,3,0.3,5.127521726821011e-142,True,0.0727473842190833,1.407359444594913e-11,True
adult,3,rf,missing,3,0.3,5.127521726821011e-142,True,0.0727473842190833,1.7688268733778382e-10,True
adult,3,hgb,missing,3,0.3,5.127521726821011e-142,True,0.0727473842190833,5.080260880500447e-21,True
adult,3,logreg,missing,4,0.4,1.0208176278492245e-265,True,0.08654554442410939,4.533068535751697e-21,True
adult,3,rf,missing,4,0.4,1.0208176278492245e-265,True,0.08654554442410939,8.00323664267952e-21,True
adult,3,hgb,missing,4,0.4,1.0208176278492245e-265,True,0.08654554442410939,2.8433658803022764e-38,True
adult,3,logreg,missing,5,0.5,0.0,True,0.10346631554395327,1.7876633122571906e-32,True
adult,3,rf,missing,5,0.5,0.0,True,0.10346631554395327,9.070773705696131e-31,True
adult,3,hgb,missing,5,0.5,0.0,True,0.10346631554395327,1.9323283114946037e-61,True
adult,3,logreg,quantize,1,32.0,0.0,True,0.06562122189609439,0.060645684514478604,False
adult,3,rf,quantize,1,32.0,0.0,True,0.06562122189609439,0.9999999572521363,False
adult,3,hgb,quantize,1,32.0,0.0,True,0.06562122189609439,0.0,True
adult,3,logreg,quantize,2,16.0,0.0,True,0.13874835476677944,1.492959172308345e-07,True
adult,3,rf,quantize,2,16.0,0.0,True,0.13874835476677944,4.4866604364970666e-11,True
adult,3,hgb,quantize,2,16.0,0.0,True,0.13874835476677944,0.0,True
adult,3,logreg,quantize,3,8.0,0.0,True,0.2823880903597318,7.698240236114916e-18,True
adult,3,rf,quantize,3,8.0,0.0,True,0.2823880903597318,7.943243726987025e-05,True
adult,3,hgb,quantize,3,8.0,0.0,True,0.2823880903597318,0.0,True
adult,3,logreg,quantize,4,4.0,0.0,True,0.5721758099807038,9.147800110367874e-54,True
adult,3,rf,quantize,4,4.0,0.0,True,0.5721758099807038,4.9453865698855876e-33,True
adult,3,hgb,quantize,4,4.0,0.0,True,0.5721758099807038,0.0,True
adult,3,logreg,quantize,5,2.0,0.0,True,1.1400177480687734,4.096346470457278e-195,True
adult,3,rf,quantize,5,2.0,0.0,True,1.1400177480687734,3.077836691890388e-144,True
adult,3,hgb,quantize,5,2.0,0.0,True,1.1400177480687734,0.0,True
adult,3,logreg,gradual,1,0.2,0.0,True,0.2990196383533831,1.9707922445061e-151,True
adult,3,rf,gradual,1,0.2,0.0,True,0.2990196383533831,3.94591588357636e-31,True
adult,3,hgb,gradual,1,0.2,0.0,True,0.2990196383533831,0.0,True
adult,3,logreg,gradual,2,0.4,0.0,True,0.5980392767067668,0.0,True
adult,3,rf,gradual,2,0.4,0.0,True,0.5980392767067668,7.025696653928724e-229,True
adult,3,hgb,gradual,2,0.4,0.0,True,0.5980392767067668,0.0,True
adult,3,logreg,gradual,3,0.6,0.0,True,0.8970589150601491,0.0,True
adult,3,rf,gradual,3,0.6,0.0,True,0.8970589150601491,0.0,True
adult,3,hgb,gradual,3,0.6,0.0,True,0.8970589150601491,0.0,True
adult,3,logreg,gradual,4,0.8,0.0,True,1.1960785534135314,0.0,True
adult,3,rf,gradual,4,0.8,0.0,True,1.1960785534135314,0.0,True
adult,3,hgb,gradual,4,0.8,0.0,True,1.1960785534135314,0.0,True
adult,3,logreg,gradual,5,1.0,0.0,True,1.495098191766914,0.0,True
adult,3,rf,gradual,5,1.0,0.0,True,1.495098191766914,0.0,True
adult,3,hgb,gradual,5,1.0,0.0,True,1.495098191766914,0.0,True
adult,4,logreg,mean_shift,1,0.25,0.0,True,0.2500000000000005,4.7171561142826435e-111,True
adult,4,rf,mean_shift,1,0.25,0.0,True,0.2500000000000005,4.096599875599184e-25,True
adult,4,hgb,mean_shift,1,0.25,0.0,True,0.2500000000000005,0.0,True
adult,4,logreg,mean_shift,2,0.5,0.0,True,0.5000000000000017,0.0,True
adult,4,rf,mean_shift,2,0.5,0.0,True,0.5000000000000017,1.6632771878937227e-60,True
adult,4,hgb,mean_shift,2,0.5,0.0,True,0.5000000000000017,0.0,True
adult,4,logreg,mean_shift,3,1.0,0.0,True,1.000000000000002,0.0,True
adult,4,rf,mean_shift,3,1.0,0.0,True,1.000000000000002,0.0,True
adult,4,hgb,mean_shift,3,1.0,0.0,True,1.000000000000002,0.0,True
adult,4,logreg,mean_shift,4,1.5,0.0,True,1.5000000000000004,0.0,True
adult,4,rf,mean_shift,4,1.5,0.0,True,1.5000000000000004,0.0,True
adult,4,hgb,mean_shift,4,1.5,0.0,True,1.5000000000000004,0.0,True
adult,4,logreg,mean_shift,5,2.0,0.0,True,2.0000000000000004,0.0,True
adult,4,rf,mean_shift,5,2.0,0.0,True,2.0000000000000004,0.0,True
adult,4,hgb,mean_shift,5,2.0,0.0,True,2.0000000000000004,0.0,True
adult,4,logreg,noise,1,0.1,0.0,True,0.002004915006545137,0.9776977873156442,False
adult,4,rf,noise,1,0.1,0.0,True,0.002004915006545137,0.5217418635669799,False
adult,4,hgb,noise,1,0.1,0.0,True,0.002004915006545137,3.10885112557202e-190,True
adult,4,logreg,noise,2,0.25,0.0,True,0.003640636666272577,0.10944935753740404,False
adult,4,rf,noise,2,0.25,0.0,True,0.003640636666272577,0.00037995044746715604,True
adult,4,hgb,noise,2,0.25,0.0,True,0.003640636666272577,1.3621693246659585e-204,True
adult,4,logreg,noise,3,0.5,0.0,True,0.009213749801956056,1.8239477905680352e-07,True
adult,4,rf,noise,3,0.5,0.0,True,0.009213749801956056,1.2906598096857864e-31,True
adult,4,hgb,noise,3,0.5,0.0,True,0.009213749801956056,5.616698765996549e-93,True
adult,4,logreg,noise,4,0.75,0.0,True,0.007907171517101286,1.6243366021377004e-23,True
adult,4,rf,noise,4,0.75,0.0,True,0.007907171517101286,9.319755150250335e-86,True
adult,4,hgb,noise,4,0.75,0.0,True,0.007907171517101286,7.823589820485294e-44,True
adult,4,logreg,noise,5,1.0,0.0,True,0.007636159966113367,4.344146452204665e-49,True
adult,4,rf,noise,5,1.0,0.0,True,0.007636159966113367,6.321694002973059e-143,True
adult,4,hgb,noise,5,1.0,0.0,True,0.007636159966113367,1.2440502881816026e-74,True
adult,4,logreg,missing,1,0.1,1.062807602002787e-16,True,0.019493004258606096,0.2118400777242725,False
adult,4,rf,missing,1,0.1,1.062807602002787e-16,True,0.019493004258606096,0.13283720899997165,False
adult,4,hgb,missing,1,0.1,1.062807602002787e-16,True,0.019493004258606096,0.035169112728716256,False
adult,4,logreg,missing,2,0.2,1.0343716963899286e-65,True,0.05010349639960465,2.4155882189243082e-05,True
adult,4,rf,missing,2,0.2,1.0343716963899286e-65,True,0.05010349639960465,8.822095268286412e-05,True
adult,4,hgb,missing,2,0.2,1.0343716963899286e-65,True,0.05010349639960465,6.716197655283878e-07,True
adult,4,logreg,missing,3,0.3,4.0533267439461804e-144,True,0.0668378693276112,1.394600053413286e-12,True
adult,4,rf,missing,3,0.3,4.0533267439461804e-144,True,0.0668378693276112,1.949331159902074e-09,True
adult,4,hgb,missing,3,0.3,4.0533267439461804e-144,True,0.0668378693276112,2.1869498827069614e-15,True
adult,4,logreg,missing,4,0.4,2.8054695970811435e-264,True,0.08836505497609635,1.4393977322262787e-21,True
adult,4,rf,missing,4,0.4,2.8054695970811435e-264,True,0.08836505497609635,1.104986119210604e-15,True
adult,4,hgb,missing,4,0.4,2.8054695970811435e-264,True,0.08836505497609635,1.0015643740181285e-27,True
adult,4,logreg,missing,5,0.5,0.0,True,0.10899681713222988,1.7620520289418943e-34,True
adult,4,rf,missing,5,0.5,0.0,True,0.10899681713222988,9.765622040502123e-23,True
adult,4,hgb,missing,5,0.5,0.0,True,0.10899681713222988,3.9579172515766534e-47,True
adult,4,logreg,quantize,1,32.0,0.0,True,0.06623239146321103,0.060645684514478604,False
adult,4,rf,quantize,1,32.0,0.0,True,0.06623239146321103,0.0020720276016116426,True
adult,4,hgb,quantize,1,32.0,0.0,True,0.06623239146321103,0.0,True
adult,4,logreg,quantize,2,16.0,0.0,True,0.1388977574646367,3.311188071116703e-08,True
adult,4,rf,quantize,2,16.0,0.0,True,0.1388977574646367,5.12041094498262e-06,True
adult,4,hgb,quantize,2,16.0,0.0,True,0.1388977574646367,0.0,True
adult,4,logreg,quantize,3,8.0,0.0,True,0.2815977832912001,6.734275902836474e-17,True
adult,4,rf,quantize,3,8.0,0.0,True,0.2815977832912001,4.920155961465276e-05,True
adult,4,hgb,quantize,3,8.0,0.0,True,0.2815977832912001,0.0,True
adult,4,logreg,quantize,4,4.0,0.0,True,0.5696074954712046,1.7426991214622038e-54,True
adult,4,rf,quantize,4,4.0,0.0,True,0.5696074954712046,4.204735996690076e-27,True
adult,4,hgb,quantize,4,4.0,0.0,True,0.5696074954712046,0.0,True
adult,4,logreg,quantize,5,2.0,0.0,True,1.1338413561614435,3.562204189476574e-189,True
adult,4,rf,quantize,5,2.0,0.0,True,1.1338413561614435,5.915642632315455e-118,True
adult,4,hgb,quantize,5,2.0,0.0,True,1.1338413561614435,0.0,True
adult,4,logreg,gradual,1,0.2,0.0,True,0.3001008966012667,9.151654631024883e-145,True
adult,4,rf,gradual,1,0.2,0.0,True,0.3001008966012667,1.574930393487087e-28,True
adult,4,hgb,gradual,1,0.2,0.0,True,0.3001008966012667,0.0,True
adult,4,logreg,gradual,2,0.4,0.0,True,0.6002017932025334,0.0,True
adult,4,rf,gradual,2,0.4,0.0,True,0.6002017932025334,2.576918714991554e-98,True
adult,4,hgb,gradual,2,0.4,0.0,True,0.6002017932025334,0.0,True
adult,4,logreg,gradual,3,0.6,0.0,True,0.9003026898038003,0.0,True
adult,4,rf,gradual,3,0.6,0.0,True,0.9003026898038003,0.0,True
adult,4,hgb,gradual,3,0.6,0.0,True,0.9003026898038003,0.0,True
adult,4,logreg,gradual,4,0.8,0.0,True,1.2004035864050668,0.0,True
adult,4,rf,gradual,4,0.8,0.0,True,1.2004035864050668,0.0,True
adult,4,hgb,gradual,4,0.8,0.0,True,1.2004035864050668,0.0,True
adult,4,logreg,gradual,5,1.0,0.0,True,1.5005044830063334,0.0,True
adult,4,rf,gradual,5,1.0,0.0,True,1.5005044830063334,0.0,True
adult,4,hgb,gradual,5,1.0,0.0,True,1.5005044830063334,0.0,True
bank-marketing,0,logreg,mean_shift,1,0.25,0.0,True,0.25000000000000033,1.0499691929839354e-51,True
bank-marketing,0,rf,mean_shift,1,0.25,0.0,True,0.25000000000000033,0.0,True
bank-marketing,0,hgb,mean_shift,1,0.25,0.0,True,0.25000000000000033,6.271395819139489e-238,True
bank-marketing,0,logreg,mean_shift,2,0.5,0.0,True,0.5000000000000002,2.1056731860406763e-198,True
bank-marketing,0,rf,mean_shift,2,0.5,0.0,True,0.5000000000000002,0.0,True
bank-marketing,0,hgb,mean_shift,2,0.5,0.0,True,0.5000000000000002,0.0,True
bank-marketing,0,logreg,mean_shift,3,1.0,0.0,True,1.0000000000000002,0.0,True
bank-marketing,0,rf,mean_shift,3,1.0,0.0,True,1.0000000000000002,0.0,True
bank-marketing,0,hgb,mean_shift,3,1.0,0.0,True,1.0000000000000002,0.0,True
bank-marketing,0,logreg,mean_shift,4,1.5,0.0,True,1.5000000000000004,0.0,True
bank-marketing,0,rf,mean_shift,4,1.5,0.0,True,1.5000000000000004,0.0,True
bank-marketing,0,hgb,mean_shift,4,1.5,0.0,True,1.5000000000000004,0.0,True
bank-marketing,0,logreg,mean_shift,5,2.0,0.0,True,2.0000000000000004,0.0,True
bank-marketing,0,rf,mean_shift,5,2.0,0.0,True,2.0000000000000004,0.0,True
bank-marketing,0,hgb,mean_shift,5,2.0,0.0,True,2.0000000000000004,0.0,True
bank-marketing,0,logreg,noise,1,0.1,0.0,True,0.0014101150002855465,0.999305454626007,False
bank-marketing,0,rf,noise,1,0.1,0.0,True,0.0014101150002855465,3.360204576782322e-24,True
bank-marketing,0,hgb,noise,1,0.1,0.0,True,0.0014101150002855465,0.00016301572085457026,True
bank-marketing,0,logreg,noise,2,0.25,0.0,True,0.0032852130475813078,0.6394201843886382,False
bank-marketing,0,rf,noise,2,0.25,0.0,True,0.0032852130475813078,1.4167766869680057e-247,True
bank-marketing,0,hgb,noise,2,0.25,0.0,True,0.0032852130475813078,2.898404133347627e-09,True
bank-marketing,0,logreg,noise,3,0.5,0.0,True,0.01134098168870058,2.3543327439700525e-05,True
bank-marketing,0,rf,noise,3,0.5,0.0,True,0.01134098168870058,0.0,True
bank-marketing,0,hgb,noise,3,0.5,0.0,True,0.01134098168870058,4.6550577201260967e-26,True
bank-marketing,0,logreg,noise,4,0.75,0.0,True,0.01046039330848307,2.314316581011331e-11,True
bank-marketing,0,rf,noise,4,0.75,0.0,True,0.01046039330848307,0.0,True
bank-marketing,0,hgb,noise,4,0.75,0.0,True,0.01046039330848307,1.2442398815069268e-59,True
bank-marketing,0,logreg,noise,5,1.0,0.0,True,0.017940838787425056,5.502923977563436e-30,True
bank-marketing,0,rf,noise,5,1.0,0.0,True,0.017940838787425056,0.0,True
bank-marketing,0,hgb,noise,5,1.0,0.0,True,0.017940838787425056,2.87939892765455e-101,True
bank-marketing,0,logreg,missing,1,0.1,7.572828970814858e-15,True,0.04156238540891774,0.15038325862230084,False
bank-marketing,0,rf,missing,1,0.1,7.572828970814858e-15,True,0.04156238540891774,0.22362506878021404,False
bank-marketing,0,hgb,missing,1,0.1,7.572828970814858e-15,True,0.04156238540891774,0.6701363018366828,False
bank-marketing,0,logreg,missing,2,0.2,5.438170628953337e-61,True,0.08672501158506836,0.00017182488768565784,True
bank-marketing,0,rf,missing,2,0.2,5.438170628953337e-61,True,0.08672501158506836,0.00012502163655892128,True
bank-marketing,0,hgb,missing,2,0.2,5.438170628953337e-61,True,0.08672501158506836,0.03612118734606451,False
bank-marketing,0,logreg,missing,3,0.3,8.043355312239421e-140,True,0.12347007976049039,7.627942515030627e-11,True
bank-marketing,0,rf,missing,3,0.3,8.043355312239421e-140,True,0.12347007976049039,3.6750621711429556e-10,True
bank-marketing,0,hgb,missing,3,0.3,8.043355312239421e-140,True,0.12347007976049039,9.048505682084895e-05,True
bank-marketing,0,logreg,missing,4,0.4,1.5025374003891955e-246,True,0.16411540876708136,1.3259998960069759e-15,True
bank-marketing,0,rf,missing,4,0.4,1.5025374003891955e-246,True,0.16411540876708136,1.3683244782888474e-16,True
bank-marketing,0,hgb,missing,4,0.4,1.5025374003891955e-246,True,0.16411540876708136,6.402761726307117e-07,True
bank-marketing,0,logreg,missing,5,0.5,0.0,True,0.2075858035481246,5.5159084020004126e-27,True
bank-marketing,0,rf,missing,5,0.5,0.0,True,0.2075858035481246,1.8249192071684732e-28,True
bank-marketing,0,hgb,missing,5,0.5,0.0,True,0.2075858035481246,2.12296304119727e-11,True
bank-marketing,0,logreg,quantize,1,32.0,0.0,True,0.036539589532495385,0.9801924073235114,False
bank-marketing,0,rf,quantize,1,32.0,0.0,True,0.036539589532495385,0.18174641929106095,False
bank-marketing,0,hgb,quantize,1,32.0,0.0,True,0.036539589532495385,6.612387245726256e-15,True
bank-marketing,0,logreg,quantize,2,16.0,0.0,True,0.09380141401403887,0.292602020813866,False
bank-marketing,0,rf,quantize,2,16.0,0.0,True,0.09380141401403887,9.569797316185926e-250,True
bank-marketing,0,hgb,quantize,2,16.0,0.0,True,0.09380141401403887,7.59691141701232e-10,True
bank-marketing,0,logreg,quantize,3,8.0,0.0,True,0.1755196812836072,0.19666876024755153,False
bank-marketing,0,rf,quantize,3,8.0,0.0,True,0.1755196812836072,0.0,True
bank-marketing,0,hgb,quantize,3,8.0,0.0,True,0.1755196812836072,5.5340421150146874e-89,True
bank-marketing,0,logreg,quantize,4,4.0,0.0,True,0.35440664440549197,4.998700832922604e-11,True
bank-marketing,0,rf,quantize,4,4.0,0.0,True,0.35440664440549197,0.0,True
bank-marketing,0,hgb,quantize,4,4.0,0.0,True,0.35440664440549197,3.6476659346805876e-236,True
bank-marketing,0,logreg,quantize,5,2.0,0.0,True,0.7415577141869812,1.01868156382502e-225,True
bank-marketing,0,rf,quantize,5,2.0,0.0,True,0.7415577141869812,0.0,True
bank-marketing,0,hgb,quantize,5,2.0,0.0,True,0.7415577141869812,0.0,True
bank-marketing,0,logreg,gradual,1,0.2,0.0,True,0.30061933676863467,2.3342003780054696e-56,True
bank-marketing,0,rf,gradual,1,0.2,0.0,True,0.30061933676863467,0.0,True
bank-marketing,0,hgb,gradual,1,0.2,0.0,True,0.30061933676863467,6.2182493412994186e-254,True
bank-marketing,0,logreg,gradual,2,0.4,0.0,True,0.6012386735372692,3.5758577393687794e-214,True
bank-marketing,0,rf,gradual,2,0.4,0.0,True,0.6012386735372692,0.0,True
bank-marketing,0,hgb,gradual,2,0.4,0.0,True,0.6012386735372692,0.0,True
bank-marketing,0,logreg,gradual,3,0.6,0.0,True,0.9018580103059033,0.0,True
bank-marketing,0,rf,gradual,3,0.6,0.0,True,0.9018580103059033,0.0,True
bank-marketing,0,hgb,gradual,3,0.6,0.0,True,0.9018580103059033,0.0,True
bank-marketing,0,logreg,gradual,4,0.8,0.0,True,1.2024773470745385,0.0,True
bank-marketing,0,rf,gradual,4,0.8,0.0,True,1.2024773470745385,0.0,True
bank-marketing,0,hgb,gradual,4,0.8,0.0,True,1.2024773470745385,0.0,True
bank-marketing,0,logreg,gradual,5,1.0,0.0,True,1.5030966838431723,0.0,True
bank-marketing,0,rf,gradual,5,1.0,0.0,True,1.5030966838431723,0.0,True
bank-marketing,0,hgb,gradual,5,1.0,0.0,True,1.5030966838431723,0.0,True
bank-marketing,1,logreg,mean_shift,1,0.25,0.0,True,0.2500000000000006,5.5364516965923276e-58,True
bank-marketing,1,rf,mean_shift,1,0.25,0.0,True,0.2500000000000006,0.0,True
bank-marketing,1,hgb,mean_shift,1,0.25,0.0,True,0.2500000000000006,2.9755287856462434e-179,True
bank-marketing,1,logreg,mean_shift,2,0.5,0.0,True,0.5000000000000006,7.115366602963268e-218,True
bank-marketing,1,rf,mean_shift,2,0.5,0.0,True,0.5000000000000006,0.0,True
bank-marketing,1,hgb,mean_shift,2,0.5,0.0,True,0.5000000000000006,0.0,True
bank-marketing,1,logreg,mean_shift,3,1.0,0.0,True,1.000000000000001,0.0,True
bank-marketing,1,rf,mean_shift,3,1.0,0.0,True,1.000000000000001,0.0,True
bank-marketing,1,hgb,mean_shift,3,1.0,0.0,True,1.000000000000001,0.0,True
bank-marketing,1,logreg,mean_shift,4,1.5,0.0,True,1.5000000000000016,0.0,True
bank-marketing,1,rf,mean_shift,4,1.5,0.0,True,1.5000000000000016,0.0,True
bank-marketing,1,hgb,mean_shift,4,1.5,0.0,True,1.5000000000000016,0.0,True
bank-marketing,1,logreg,mean_shift,5,2.0,0.0,True,2.000000000000002,0.0,True
bank-marketing,1,rf,mean_shift,5,2.0,0.0,True,2.000000000000002,0.0,True
bank-marketing,1,hgb,mean_shift,5,2.0,0.0,True,2.000000000000002,0.0,True
bank-marketing,1,logreg,noise,1,0.1,0.0,True,0.0011482954319191852,0.9994833576693832,False
bank-marketing,1,rf,noise,1,0.1,0.0,True,0.0011482954319191852,5.317988339876315e-21,True
bank-marketing,1,hgb,noise,1,0.1,0.0,True,0.0011482954319191852,0.05579624141696038,False
bank-marketing,1,logreg,noise,2,0.25,0.0,True,0.0046792380175472315,0.3593121805239111,False
bank-marketing,1,rf,noise,2,0.25,0.0,True,0.0046792380175472315,4.087657313685775e-261,True
bank-marketing,1,hgb,noise,2,0.25,0.0,True,0.0046792380175472315,1.599540873017324e-06,True
bank-marketing,1,logreg,noise,3,0.5,0.0,True,0.005878732165295952,2.2217934387225248e-05,True
bank-marketing,1,rf,noise,3,0.5,0.0,True,0.005878732165295952,0.0,True
bank-marketing,1,hgb,noise,3,0.5,0.0,True,0.005878732165295952,1.374075616539887e-24,True
bank-marketing,1,logreg,noise,4,0.75,0.0,True,0.01117614352396387,1.3589683551634499e-12,True
bank-marketing,1,rf,noise,4,0.75,0.0,True,0.01117614352396387,0.0,True
bank-marketing,1,hgb,noise,4,0.75,0.0,True,0.01117614352396387,2.385704810572227e-48,True
bank-marketing,1,logreg,noise,5,1.0,0.0,True,0.01567357780243939,1.3214565017598492e-30,True
bank-marketing,1,rf,noise,5,1.0,0.0,True,0.01567357780243939,0.0,True
bank-marketing,1,hgb,noise,5,1.0,0.0,True,0.01567357780243939,7.424540080255722e-87,True
bank-marketing,1,logreg,missing,1,0.1,1.0250606945857713e-16,True,0.04146168372022479,0.06551655759440655,False
bank-marketing,1,rf,missing,1,0.1,1.0250606945857713e-16,True,0.04146168372022479,0.04140200769498048,False
bank-marketing,1,hgb,missing,1,0.1,1.0250606945857713e-16,True,0.04146168372022479,0.09488357549241277,False
bank-marketing,1,logreg,missing,2,0.2,3.092568709417303e-63,True,0.07890854501237475,4.664849697911895e-05,True
bank-marketing,1,rf,missing,2,0.2,3.092568709417303e-63,True,0.07890854501237475,6.883467440953538e-05,True
bank-marketing,1,hgb,missing,2,0.2,3.092568709417303e-63,True,0.07890854501237475,1.8187514531720811e-06,True
bank-marketing,1,logreg,missing,3,0.3,8.402688583068406e-138,True,0.12545896272258092,9.812221445047905e-11,True
bank-marketing,1,rf,missing,3,0.3,8.402688583068406e-138,True,0.12545896272258092,1.1597197150202565e-10,True
bank-marketing,1,hgb,missing,3,0.3,8.402688583068406e-138,True,0.12545896272258092,4.5139174811462154e-13,True
bank-marketing,1,logreg,missing,4,0.4,5.389149190045227e-248,True,0.16124225613880563,3.106802403847657e-17,True
bank-marketing,1,rf,missing,4,0.4,5.389149190045227e-248,True,0.16124225613880563,5.5084446525377674e-18,True
bank-marketing,1,hgb,missing,4,0.4,5.389149190045227e-248,True,0.16124225613880563,1.2717577654390121e-21,True
bank-marketing,1,logreg,missing,5,0.5,0.0,True,0.2077654022444884,4.7841798706129e-28,True
bank-marketing,1,rf,missing,5,0.5,0.0,True,0.2077654022444884,1.048688667129515e-28,True
bank-marketing,1,hgb,missing,5,0.5,0.0,True,0.2077654022444884,1.7492993085355793e-31,True
bank-marketing,1,logreg,quantize,1,32.0,0.0,True,0.0582249550746067,0.7108586517615363,False
bank-marketing,1,rf,quantize,1,32.0,0.0,True,0.0582249550746067,0.9359115524959996,False
bank-marketing,1,hgb,quantize,1,32.0,0.0,True,0.0582249550746067,1.8187514531721688e-06,True
bank-marketing,1,logreg,quantize,2,16.0,0.0,True,0.13735239555275822,0.09776339189497574,False
bank-marketing,1,rf,quantize,2,16.0,0.0,True,0.13735239555275822,1.6878541292888456e-256,True
bank-marketing,1,hgb,quantize,2,16.0,0.0,True,0.13735239555275822,1.8551584402212282e-34,True
bank-marketing,1,logreg,quantize,3,8.0,0.0,True,0.1752860268627497,0.11327527772028334,False
bank-marketing,1,rf,quantize,3,8.0,0.0,True,0.1752860268627497,0.0,True
bank-marketing,1,hgb,quantize,3,8.0,0.0,True,0.1752860268627497,2.9546438869340345e-54,True
bank-marketing,1,logreg,quantize,4,4.0,0.0,True,0.35166328644163025,8.91279500767772e-10,True
bank-marketing,1,rf,quantize,4,4.0,0.0,True,0.35166328644163025,0.0,True
bank-marketing,1,hgb,quantize,4,4.0,0.0,True,0.35166328644163025,1.4427819751036258e-253,True
bank-marketing,1,logreg,quantize,5,2.0,0.0,True,0.827990488357252,1.380270617981657e-220,True
bank-marketing,1,rf,quantize,5,2.0,0.0,True,0.827990488357252,0.0,True
bank-marketing,1,hgb,quantize,5,2.0,0.0,True,0.827990488357252,0.0,True
bank-marketing,1,logreg,gradual,1,0.2,0.0,True,0.3011044361233259,2.333892478221447e-63,True
bank-marketing,1,rf,gradual,1,0.2,0.0,True,0.3011044361233259,0.0,True
bank-marketing,1,hgb,gradual,1,0.2,0.0,True,0.3011044361233259,2.211933355148982e-191,True
bank-marketing,1,logreg,gradual,2,0.4,0.0,True,0.6022088722466521,1.6204134876777564e-236,True
bank-marketing,1,rf,gradual,2,0.4,0.0,True,0.6022088722466521,0.0,True
bank-marketing,1,hgb,gradual,2,0.4,0.0,True,0.6022088722466521,0.0,True
bank-marketing,1,logreg,gradual,3,0.6,0.0,True,0.9033133083699781,0.0,True
bank-marketing,1,rf,gradual,3,0.6,0.0,True,0.9033133083699781,0.0,True
bank-marketing,1,hgb,gradual,3,0.6,0.0,True,0.9033133083699781,0.0,True
bank-marketing,1,logreg,gradual,4,0.8,0.0,True,1.2044177444933044,0.0,True
bank-marketing,1,rf,gradual,4,0.8,0.0,True,1.2044177444933044,0.0,True
bank-marketing,1,hgb,gradual,4,0.8,0.0,True,1.2044177444933044,0.0,True
bank-marketing,1,logreg,gradual,5,1.0,0.0,True,1.5055221806166303,0.0,True
bank-marketing,1,rf,gradual,5,1.0,0.0,True,1.5055221806166303,0.0,True
bank-marketing,1,hgb,gradual,5,1.0,0.0,True,1.5055221806166303,0.0,True
bank-marketing,2,logreg,mean_shift,1,0.25,0.0,True,0.2500000000000003,5.9849278069962805e-52,True
bank-marketing,2,rf,mean_shift,1,0.25,0.0,True,0.2500000000000003,0.0,True
bank-marketing,2,hgb,mean_shift,1,0.25,0.0,True,0.2500000000000003,7.793396668441427e-212,True
bank-marketing,2,logreg,mean_shift,2,0.5,0.0,True,0.5000000000000006,2.4319857882549815e-200,True
bank-marketing,2,rf,mean_shift,2,0.5,0.0,True,0.5000000000000006,0.0,True
bank-marketing,2,hgb,mean_shift,2,0.5,0.0,True,0.5000000000000006,0.0,True
bank-marketing,2,logreg,mean_shift,3,1.0,0.0,True,1.0,0.0,True
bank-marketing,2,rf,mean_shift,3,1.0,0.0,True,1.0,0.0,True
bank-marketing,2,hgb,mean_shift,3,1.0,0.0,True,1.0,0.0,True
bank-marketing,2,logreg,mean_shift,4,1.5,0.0,True,1.5,0.0,True
bank-marketing,2,rf,mean_shift,4,1.5,0.0,True,1.5,0.0,True
bank-marketing,2,hgb,mean_shift,4,1.5,0.0,True,1.5,0.0,True
bank-marketing,2,logreg,mean_shift,5,2.0,0.0,True,2.0000000000000004,0.0,True
bank-marketing,2,rf,mean_shift,5,2.0,0.0,True,2.0000000000000004,0.0,True
bank-marketing,2,hgb,mean_shift,5,2.0,0.0,True,2.0000000000000004,0.0,True
bank-marketing,2,logreg,noise,1,0.1,0.0,True,0.000759837653544292,0.9987984776592567,False
bank-marketing,2,rf,noise,1,0.1,0.0,True,0.000759837653544292,1.1796168706293653e-17,True
bank-marketing,2,hgb,noise,1,0.1,0.0,True,0.000759837653544292,0.0008163030735934308,True
bank-marketing,2,logreg,noise,2,0.25,0.0,True,0.004616186534530087,0.21802050662259553,False
bank-marketing,2,rf,noise,2,0.25,0.0,True,0.004616186534530087,3.5758577393708562e-214,True
bank-marketing,2,hgb,noise,2,0.25,0.0,True,0.004616186534530087,3.517402301614935e-05,True
bank-marketing,2,logreg,noise,3,0.5,0.0,True,0.007418147522929156,1.865634452339387e-05,True
bank-marketing,2,rf,noise,3,0.5,0.0,True,0.007418147522929156,0.0,True
bank-marketing,2,hgb,noise,3,0.5,0.0,True,0.007418147522929156,4.91855908083223e-24,True
bank-marketing,2,logreg,noise,4,0.75,0.0,True,0.013117796262176516,1.3589683551634499e-12,True
bank-marketing,2,rf,noise,4,0.75,0.0,True,0.013117796262176516,0.0,True
bank-marketing,2,hgb,noise,4,0.75,0.0,True,0.013117796262176516,4.882775604628602e-61,True
bank-marketing,2,logreg,noise,5,1.0,0.0,True,0.008657654791232771,1.8718835651105474e-27,True
bank-marketing,2,rf,noise,5,1.0,0.0,True,0.008657654791232771,0.0,True
bank-marketing,2,hgb,noise,5,1.0,0.0,True,0.008657654791232771,1.0537902803528274e-87,True
bank-marketing,2,logreg,missing,1,0.1,6.289385017632822e-16,True,0.03599217724642004,0.4088791260704897,False
bank-marketing,2,rf,missing,1,0.1,6.289385017632822e-16,True,0.03599217724642004,0.4531151868175207,False
bank-marketing,2,hgb,missing,1,0.1,6.289385017632822e-16,True,0.03599217724642004,0.12709816001110008,False
bank-marketing,2,logreg,missing,2,0.2,1.8545782662430304e-60,True,0.08344733861606983,6.163831130217942e-05,True
bank-marketing,2,rf,missing,2,0.2,1.8545782662430304e-60,True,0.08344733861606983,5.831446791141854e-05,True
bank-marketing,2,hgb,missing,2,0.2,1.8545782662430304e-60,True,0.08344733861606983,0.0006410049578971295,True
bank-marketing,2,logreg,missing,3,0.3,5.343755308255202e-137,True,0.12309581252248558,3.986233738023743e-10,True
bank-marketing,2,rf,missing,3,0.3,5.343755308255202e-137,True,0.12309581252248558,1.756685827709884e-10,True
bank-marketing,2,hgb,missing,3,0.3,5.343755308255202e-137,True,0.12309581252248558,1.0092928808184984e-07,True
bank-marketing,2,logreg,missing,4,0.4,3.3172056016430454e-256,True,0.16394928617525728,3.421348145458912e-19,True
bank-marketing,2,rf,missing,4,0.4,3.3172056016430454e-256,True,0.16394928617525728,3.421348145458912e-19,True
bank-marketing,2,hgb,missing,4,0.4,3.3172056016430454e-256,True,0.16394928617525728,2.349997210567505e-13,True
bank-marketing,2,logreg,missing,5,0.5,0.0,True,0.20109336648398338,1.6100238644560037e-26,True
bank-marketing,2,rf,missing,5,0.5,0.0,True,0.20109336648398338,4.821423179083353e-27,True
bank-marketing,2,hgb,missing,5,0.5,0.0,True,0.20109336648398338,3.891574590885077e-20,True
bank-marketing,2,logreg,quantize,1,32.0,0.0,True,0.03757148096080531,0.8601782310258148,False
bank-marketing,2,rf,quantize,1,32.0,0.0,True,0.03757148096080531,0.03143961792745387,False
bank-marketing,2,hgb,quantize,1,32.0,0.0,True,0.03757148096080531,1.0496489080298807e-23,True
bank-marketing,2,logreg,quantize,2,16.0,0.0,True,0.09242216907723248,0.15457822254199705,False
bank-marketing,2,rf,quantize,2,16.0,0.0,True,0.09242216907723248,2.333387765586082e-127,True
bank-marketing,2,hgb,quantize,2,16.0,0.0,True,0.09242216907723248,7.840437897155046e-09,True
bank-marketing,2,logreg,quantize,3,8.0,0.0,True,0.17589106227236814,0.3285144825682401,False
bank-marketing,2,rf,quantize,3,8.0,0.0,True,0.17589106227236814,0.0,True
bank-marketing,2,hgb,quantize,3,8.0,0.0,True,0.17589106227236814,1.6797231647630322e-58,True
bank-marketing,2,logreg,quantize,4,4.0,0.0,True,0.35400167655611625,2.481458899947902e-09,True
bank-marketing,2,rf,quantize,4,4.0,0.0,True,0.35400167655611625,0.0,True
bank-marketing,2,hgb,quantize,4,4.0,0.0,True,0.35400167655611625,8.641597013373489e-276,True
bank-marketing,2,logreg,quantize,5,2.0,0.0,True,0.7432678673041841,3.6181297735534303e-212,True
bank-marketing,2,rf,quantize,5,2.0,0.0,True,0.7432678673041841,0.0,True
bank-marketing,2,hgb,quantize,5,2.0,0.0,True,0.7432678673041841,0.0,True
bank-marketing,2,logreg,gradual,1,0.2,0.0,True,0.30084594807773535,1.2225402071694818e-57,True
bank-marketing,2,rf,gradual,1,0.2,0.0,True,0.30084594807773535,0.0,True
bank-marketing,2,hgb,gradual,1,0.2,0.0,True,0.30084594807773535,2.464688140327221e-212,True
bank-marketing,2,logreg,gradual,2,0.4,0.0,True,0.6016918961554706,1.4988394794444477e-218,True
bank-marketing,2,rf,gradual,2,0.4,0.0,True,0.6016918961554706,0.0,True
bank-marketing,2,hgb,gradual,2,0.4,0.0,True,0.6016918961554706,0.0,True
bank-marketing,2,logreg,gradual,3,0.6,0.0,True,0.9025378442332054,0.0,True
bank-marketing,2,rf,gradual,3,0.6,0.0,True,0.9025378442332054,0.0,True
bank-marketing,2,hgb,gradual,3,0.6,0.0,True,0.9025378442332054,0.0,True
bank-marketing,2,logreg,gradual,4,0.8,0.0,True,1.2033837923109407,0.0,True
bank-marketing,2,rf,gradual,4,0.8,0.0,True,1.2033837923109407,0.0,True
bank-marketing,2,hgb,gradual,4,0.8,0.0,True,1.2033837923109407,0.0,True
bank-marketing,2,logreg,gradual,5,1.0,0.0,True,1.5042297403886762,0.0,True
bank-marketing,2,rf,gradual,5,1.0,0.0,True,1.5042297403886762,0.0,True
bank-marketing,2,hgb,gradual,5,1.0,0.0,True,1.5042297403886762,0.0,True
bank-marketing,3,logreg,mean_shift,1,0.25,0.0,True,0.2500000000000006,9.428933527121673e-44,True
bank-marketing,3,rf,mean_shift,1,0.25,0.0,True,0.2500000000000006,0.0,True
bank-marketing,3,hgb,mean_shift,1,0.25,0.0,True,0.2500000000000006,1.7610773958727078e-232,True
bank-marketing,3,logreg,mean_shift,2,0.5,0.0,True,0.5000000000000001,6.05111665864143e-171,True
bank-marketing,3,rf,mean_shift,2,0.5,0.0,True,0.5000000000000001,0.0,True
bank-marketing,3,hgb,mean_shift,2,0.5,0.0,True,0.5000000000000001,0.0,True
bank-marketing,3,logreg,mean_shift,3,1.0,0.0,True,0.9999999999999999,0.0,True
bank-marketing,3,rf,mean_shift,3,1.0,0.0,True,0.9999999999999999,0.0,True
bank-marketing,3,hgb,mean_shift,3,1.0,0.0,True,0.9999999999999999,0.0,True
bank-marketing,3,logreg,mean_shift,4,1.5,0.0,True,1.5000000000000002,0.0,True
bank-marketing,3,rf,mean_shift,4,1.5,0.0,True,1.5000000000000002,0.0,True
bank-marketing,3,hgb,mean_shift,4,1.5,0.0,True,1.5000000000000002,0.0,True
bank-marketing,3,logreg,mean_shift,5,2.0,0.0,True,2.0000000000000013,0.0,True
bank-marketing,3,rf,mean_shift,5,2.0,0.0,True,2.0000000000000013,0.0,True
bank-marketing,3,hgb,mean_shift,5,2.0,0.0,True,2.0000000000000013,0.0,True
bank-marketing,3,logreg,noise,1,0.1,0.0,True,0.0014963346169097245,0.9953434327107482,False
bank-marketing,3,rf,noise,1,0.1,0.0,True,0.0014963346169097245,1.53753998973387e-36,True
bank-marketing,3,hgb,noise,1,0.1,0.0,True,0.0014963346169097245,0.2018486811624568,False
bank-marketing,3,logreg,noise,2,0.25,0.0,True,0.00462527364467442,0.400344138245326,False
bank-marketing,3,rf,noise,2,0.25,0.0,True,0.00462527364467442,5.808464900018992e-202,True
bank-marketing,3,hgb,noise,2,0.25,0.0,True,0.00462527364467442,8.229199204063375e-10,True
bank-marketing,3,logreg,noise,3,0.5,0.0,True,0.007482935161407314,1.56448881218543e-05,True
bank-marketing,3,rf,noise,3,0.5,0.0,True,0.007482935161407314,0.0,True
bank-marketing,3,hgb,noise,3,0.5,0.0,True,0.007482935161407314,5.582985844805158e-24,True
bank-marketing,3,logreg,noise,4,0.75,0.0,True,0.013316090377741306,3.4975660618227867e-14,True
bank-marketing,3,rf,noise,4,0.75,0.0,True,0.013316090377741306,0.0,True
bank-marketing,3,hgb,noise,4,0.75,0.0,True,0.013316090377741306,1.0446953852410522e-37,True
bank-marketing,3,logreg,noise,5,1.0,0.0,True,0.018504431546572546,1.1167252600267825e-29,True
bank-marketing,3,rf,noise,5,1.0,0.0,True,0.018504431546572546,0.0,True
bank-marketing,3,hgb,noise,5,1.0,0.0,True,0.018504431546572546,1.2516869874044005e-63,True
bank-marketing,3,logreg,missing,1,0.1,3.3354491752425857e-15,True,0.0405503216527018,0.20713327493592337,False
bank-marketing,3,rf,missing,1,0.1,3.3354491752425857e-15,True,0.0405503216527018,0.33604233718012144,False
bank-marketing,3,hgb,missing,1,0.1,3.3354491752425857e-15,True,0.0405503216527018,0.030356092703203275,False
bank-marketing,3,logreg,missing,2,0.2,8.463746486984114e-66,True,0.07683853820039442,0.0007780035722139346,True
bank-marketing,3,rf,missing,2,0.2,8.463746486984114e-66,True,0.07683853820039442,0.0002230527475058352,True
bank-marketing,3,hgb,missing,2,0.2,8.463746486984114e-66,True,0.07683853820039442,7.634599308411637e-06,True
bank-marketing,3,logreg,missing,3,0.3,8.482597128579819e-136,True,0.11823703997349605,3.990474872740458e-08,True
bank-marketing,3,rf,missing,3,0.3,8.482597128579819e-136,True,0.11823703997349605,2.774220018714507e-08,True
bank-marketing,3,hgb,missing,3,0.3,8.482597128579819e-136,True,0.11823703997349605,3.663147314358748e-12,True
bank-marketing,3,logreg,missing,4,0.4,3.2805972099285753e-239,True,0.15426934010555077,2.372589263878581e-14,True
bank-marketing,3,rf,missing,4,0.4,3.2805972099285753e-239,True,0.15426934010555077,1.3197157628734352e-14,True
bank-marketing,3,hgb,missing,4,0.4,3.2805972099285753e-239,True,0.15426934010555077,2.0537526781300705e-21,True
bank-marketing,3,logreg,missing,5,0.5,0.0,True,0.19951828714936407,1.0628514647582036e-24,True
bank-marketing,3,rf,missing,5,0.5,0.0,True,0.19951828714936407,1.5195929528670042e-25,True
bank-marketing,3,hgb,missing,5,0.5,0.0,True,0.19951828714936407,3.0204457737952517e-32,True
bank-marketing,3,logreg,quantize,1,32.0,0.0,True,0.038807896457087265,0.9182188302492647,False
bank-marketing,3,rf,quantize,1,32.0,0.0,True,0.038807896457087265,5.514326227880434e-38,True
bank-marketing,3,hgb,quantize,1,32.0,0.0,True,0.038807896457087265,4.5847039522583736e-07,True
bank-marketing,3,logreg,quantize,2,16.0,0.0,True,0.0919398132056913,0.10374169900490349,False
bank-marketing,3,rf,quantize,2,16.0,0.0,True,0.0919398132056913,2.0484190128961008e-262,True
bank-marketing,3,hgb,quantize,2,16.0,0.0,True,0.0919398132056913,5.924955281175873e-33,True
bank-marketing,3,logreg,quantize,3,8.0,0.0,True,0.1824114999262044,0.057634494264928726,False
bank-marketing,3,rf,quantize,3,8.0,0.0,True,0.1824114999262044,0.0,True
bank-marketing,3,hgb,quantize,3,8.0,0.0,True,0.1824114999262044,7.334242131613553e-61,True
bank-marketing,3,logreg,quantize,4,4.0,0.0,True,0.4307011098976999,1.3360851366439295e-07,True
bank-marketing,3,rf,quantize,4,4.0,0.0,True,0.4307011098976999,0.0,True
bank-marketing,3,hgb,quantize,4,4.0,0.0,True,0.4307011098976999,0.0,True
bank-marketing,3,logreg,quantize,5,2.0,0.0,True,0.9564136773109193,1.2160664498235018e-173,True
bank-marketing,3,rf,quantize,5,2.0,0.0,True,0.9564136773109193,0.0,True
bank-marketing,3,hgb,quantize,5,2.0,0.0,True,0.9564136773109193,0.0,True
bank-marketing,3,logreg,gradual,1,0.2,0.0,True,0.3000118345097569,1.0784963651772054e-49,True
bank-marketing,3,rf,gradual,1,0.2,0.0,True,0.3000118345097569,0.0,True
bank-marketing,3,hgb,gradual,1,0.2,0.0,True,0.3000118345097569,4.173757097906772e-238,True
bank-marketing,3,logreg,gradual,2,0.4,0.0,True,0.6000236690195138,6.094146713415857e-183,True
bank-marketing,3,rf,gradual,2,0.4,0.0,True,0.6000236690195138,0.0,True
bank-marketing,3,hgb,gradual,2,0.4,0.0,True,0.6000236690195138,0.0,True
bank-marketing,3,logreg,gradual,3,0.6,0.0,True,0.9000355035292705,0.0,True
bank-marketing,3,rf,gradual,3,0.6,0.0,True,0.9000355035292705,0.0,True
bank-marketing,3,hgb,gradual,3,0.6,0.0,True,0.9000355035292705,0.0,True
bank-marketing,3,logreg,gradual,4,0.8,0.0,True,1.2000473380390273,0.0,True
bank-marketing,3,rf,gradual,4,0.8,0.0,True,1.2000473380390273,0.0,True
bank-marketing,3,hgb,gradual,4,0.8,0.0,True,1.2000473380390273,0.0,True
bank-marketing,3,logreg,gradual,5,1.0,0.0,True,1.5000591725487835,0.0,True
bank-marketing,3,rf,gradual,5,1.0,0.0,True,1.5000591725487835,0.0,True
bank-marketing,3,hgb,gradual,5,1.0,0.0,True,1.5000591725487835,0.0,True
bank-marketing,4,logreg,mean_shift,1,0.25,0.0,True,0.2500000000000008,7.219167736759566e-47,True
bank-marketing,4,rf,mean_shift,1,0.25,0.0,True,0.2500000000000008,0.0,True
bank-marketing,4,hgb,mean_shift,1,0.25,0.0,True,0.2500000000000008,6.336622590452235e-227,True
bank-marketing,4,logreg,mean_shift,2,0.5,0.0,True,0.5000000000000009,8.549542774796007e-179,True
bank-marketing,4,rf,mean_shift,2,0.5,0.0,True,0.5000000000000009,0.0,True
bank-marketing,4,hgb,mean_shift,2,0.5,0.0,True,0.5000000000000009,0.0,True
bank-marketing,4,logreg,mean_shift,3,1.0,0.0,True,1.000000000000001,0.0,True
bank-marketing,4,rf,mean_shift,3,1.0,0.0,True,1.000000000000001,0.0,True
bank-marketing,4,hgb,mean_shift,3,1.0,0.0,True,1.000000000000001,0.0,True
bank-marketing,4,logreg,mean_shift,4,1.5,0.0,True,1.5000000000000004,0.0,True
bank-marketing,4,rf,mean_shift,4,1.5,0.0,True,1.5000000000000004,0.0,True
bank-marketing,4,hgb,mean_shift,4,1.5,0.0,True,1.5000000000000004,0.0,True
bank-marketing,4,logreg,mean_shift,5,2.0,0.0,True,2.000000000000001,0.0,True
bank-marketing,4,rf,mean_shift,5,2.0,0.0,True,2.000000000000001,0.0,True
bank-marketing,4,hgb,mean_shift,5,2.0,0.0,True,2.000000000000001,0.0,True
bank-marketing,4,logreg,noise,1,0.1,0.0,True,0.0021065651051571754,0.9996217672262981,False
bank-marketing,4,rf,noise,1,0.1,0.0,True,0.0021065651051571754,1.8394769446729156e-26,True
bank-marketing,4,hgb,noise,1,0.1,0.0,True,0.0021065651051571754,0.017623275208409922,False
bank-marketing,4,logreg,noise,2,0.25,0.0,True,0.0032728187732625077,0.3066213652365172,False
bank-marketing,4,rf,noise,2,0.25,0.0,True,0.0032728187732625077,2.5785984078980543e-196,True
bank-marketing,4,hgb,noise,2,0.25,0.0,True,0.0032728187732625077,1.2350082086305397e-06,True
bank-marketing,4,logreg,noise,3,0.5,0.0,True,0.008407008567471999,0.00010084073925429704,True
bank-marketing,4,rf,noise,3,0.5,0.0,True,0.008407008567471999,0.0,True
bank-marketing,4,hgb,noise,3,0.5,0.0,True,0.008407008567471999,1.4339593705728042e-21,True
bank-marketing,4,logreg,noise,4,0.75,0.0,True,0.00957923451933281,1.6131038256793054e-13,True
bank-marketing,4,rf,noise,4,0.75,0.0,True,0.00957923451933281,0.0,True
bank-marketing,4,hgb,noise,4,0.75,0.0,True,0.00957923451933281,7.21916773675763e-47,True
bank-marketing,4,logreg,noise,5,1.0,0.0,True,0.00805905227260747,2.989048638251693e-29,True
bank-marketing,4,rf,noise,5,1.0,0.0,True,0.00805905227260747,0.0,True
bank-marketing,4,hgb,noise,5,1.0,0.0,True,0.00805905227260747,6.580424212104715e-79,True
bank-marketing,4,logreg,missing,1,0.1,2.995335816610504e-16,True,0.04366248209961026,0.2595597941309782,False
bank-marketing,4,rf,missing,1,0.1,2.995335816610504e-16,True,0.04366248209961026,0.2595597941309875,False
bank-marketing,4,hgb,missing,1,0.1,2.995335816610504e-16,True,0.04366248209961026,0.13834450904563633,False
bank-marketing,4,logreg,missing,2,0.2,2.5016912121972656e-64,True,0.08650321570922886,6.163831130218456e-05,True
bank-marketing,4,rf,missing,2,0.2,2.5016912121972656e-64,True,0.08650321570922886,0.00010084073925429498,True
bank-marketing,4,hgb,missing,2,0.2,2.5016912121972656e-64,True,0.08650321570922886,0.0006410049578971295,True
bank-marketing,4,logreg,missing,3,0.3,1.0977381636973553e-139,True,0.1307236023890397,4.3231136773736994e-10,True
bank-marketing,4,rf,missing,3,0.3,1.0977381636973553e-139,True,0.1307236023890397,4.26251322690767e-09,True
bank-marketing,4,hgb,missing,3,0.3,1.0977381636973553e-139,True,0.1307236023890397,5.990794055691538e-07,True
bank-marketing,4,logreg,missing,4,0.4,8.070237141062904e-254,True,0.1640357384855623,2.0789294131314758e-16,True
bank-marketing,4,rf,missing,4,0.4,8.070237141062904e-254,True,0.1640357384855623,4.2790511665860914e-17,True
bank-marketing,4,hgb,missing,4,0.4,8.070237141062904e-254,True,0.1640357384855623,1.953018933815096e-12,True
bank-marketing,4,logreg,missing,5,0.5,0.0,True,0.2037884665587997,6.061137942080184e-26,True
bank-marketing,4,rf,missing,5,0.5,0.0,True,0.2037884665587997,3.682123887663332e-27,True
bank-marketing,4,hgb,missing,5,0.5,0.0,True,0.2037884665587997,3.7263203543919574e-21,True
bank-marketing,4,logreg,quantize,1,32.0,0.0,True,0.037508788131298626,0.7703422200974763,False
bank-marketing,4,rf,quantize,1,32.0,0.0,True,0.037508788131298626,0.3514416479416246,False
bank-marketing,4,hgb,quantize,1,32.0,0.0,True,0.037508788131298626,9.998767575342348e-22,True
bank-marketing,4,logreg,quantize,2,16.0,0.0,True,0.09438319637538477,0.11327527772028567,False
bank-marketing,4,rf,quantize,2,16.0,0.0,True,0.09438319637538477,0.0,True
bank-marketing,4,hgb,quantize,2,16.0,0.0,True,0.09438319637538477,1.9409227221736678e-19,True
bank-marketing,4,logreg,quantize,3,8.0,0.0,True,0.18196650788408256,0.16324875255202687,False
bank-marketing,4,rf,quantize,3,8.0,0.0,True,0.18196650788408256,0.0,True
bank-marketing,4,hgb,quantize,3,8.0,0.0,True,0.18196650788408256,6.877892661245005e-186,True
bank-marketing,4,logreg,quantize,4,4.0,0.0,True,0.43440927818252756,4.9543311624425236e-08,True
bank-marketing,4,rf,quantize,4,4.0,0.0,True,0.43440927818252756,0.0,True
bank-marketing,4,hgb,quantize,4,4.0,0.0,True,0.43440927818252756,2.270595483849592e-242,True
bank-marketing,4,logreg,quantize,5,2.0,0.0,True,0.9668647531787545,1.512900629263531e-188,True
bank-marketing,4,rf,quantize,5,2.0,0.0,True,0.9668647531787545,0.0,True
bank-marketing,4,hgb,quantize,5,2.0,0.0,True,0.9668647531787545,0.0,True
bank-marketing,4,logreg,gradual,1,0.2,0.0,True,0.30092085860378237,2.4745567676391903e-50,True
bank-marketing,4,rf,gradual,1,0.2,0.0,True,0.30092085860378237,0.0,True
bank-marketing,4,hgb,gradual,1,0.2,0.0,True,0.30092085860378237,9.308243900281514e-235,True
bank-marketing,4,logreg,gradual,2,0.4,0.0,True,0.6018417172075647,1.959713956958114e-190,True
bank-marketing,4,rf,gradual,2,0.4,0.0,True,0.6018417172075647,0.0,True
bank-marketing,4,hgb,gradual,2,0.4,0.0,True,0.6018417172075647,0.0,True
bank-marketing,4,logreg,gradual,3,0.6,0.0,True,0.9027625758113468,0.0,True
bank-marketing,4,rf,gradual,3,0.6,0.0,True,0.9027625758113468,0.0,True
bank-marketing,4,hgb,gradual,3,0.6,0.0,True,0.9027625758113468,0.0,True
bank-marketing,4,logreg,gradual,4,0.8,0.0,True,1.2036834344151295,0.0,True
bank-marketing,4,rf,gradual,4,0.8,0.0,True,1.2036834344151295,0.0,True
bank-marketing,4,hgb,gradual,4,0.8,0.0,True,1.2036834344151295,0.0,True
bank-marketing,4,logreg,gradual,5,1.0,0.0,True,1.5046042930189123,0.0,True
bank-marketing,4,rf,gradual,5,1.0,0.0,True,1.5046042930189123,0.0,True
bank-marketing,4,hgb,gradual,5,1.0,0.0,True,1.5046042930189123,0.0,True
electricity,0,logreg,mean_shift,1,0.25,0.0,True,0.2500000000000001,0.0,True
electricity,0,rf,mean_shift,1,0.25,0.0,True,0.2500000000000001,7.02448285511725e-154,True
electricity,0,hgb,mean_shift,1,0.25,0.0,True,0.2500000000000001,6.796617236322646e-168,True
electricity,0,logreg,mean_shift,2,0.5,0.0,True,0.5000000000000002,0.0,True
electricity,0,rf,mean_shift,2,0.5,0.0,True,0.5000000000000002,0.0,True
electricity,0,hgb,mean_shift,2,0.5,0.0,True,0.5000000000000002,0.0,True
electricity,0,logreg,mean_shift,3,1.0,0.0,True,1.0,0.0,True
electricity,0,rf,mean_shift,3,1.0,0.0,True,1.0,0.0,True
electricity,0,hgb,mean_shift,3,1.0,0.0,True,1.0,0.0,True
electricity,0,logreg,mean_shift,4,1.5,0.0,True,1.5000000000000002,0.0,True
electricity,0,rf,mean_shift,4,1.5,0.0,True,1.5000000000000002,0.0,True
electricity,0,hgb,mean_shift,4,1.5,0.0,True,1.5000000000000002,0.0,True
electricity,0,logreg,mean_shift,5,2.0,0.0,True,2.0000000000000004,0.0,True
electricity,0,rf,mean_shift,5,2.0,0.0,True,2.0000000000000004,0.0,True
electricity,0,hgb,mean_shift,5,2.0,0.0,True,2.0000000000000004,0.0,True
electricity,0,logreg,noise,1,0.1,0.0,True,0.001365617070174012,0.6714838694354079,False
electricity,0,rf,noise,1,0.1,0.0,True,0.001365617070174012,2.0151655873109467e-96,True
electricity,0,hgb,noise,1,0.1,0.0,True,0.001365617070174012,1.0544150804940172e-28,True
electricity,0,logreg,noise,2,0.25,0.0,True,0.0034923204978069646,2.9556542927108525e-07,True
electricity,0,rf,noise,2,0.25,0.0,True,0.0034923204978069646,7.763845528288868e-197,True
electricity,0,hgb,noise,2,0.25,0.0,True,0.0034923204978069646,5.768887710812451e-90,True
electricity,0,logreg,noise,3,0.5,0.0,True,0.011523933663571623,1.4213770497406026e-56,True
electricity,0,rf,noise,3,0.5,0.0,True,0.011523933663571623,4.330675225752509e-250,True
electricity,0,hgb,noise,3,0.5,0.0,True,0.011523933663571623,8.277086086043682e-136,True
electricity,0,logreg,noise,4,0.75,0.0,True,0.010127361617821323,1.9815080706380147e-130,True
electricity,0,rf,noise,4,0.75,0.0,True,0.010127361617821323,1.6712559964025506e-276,True
electricity,0,hgb,noise,4,0.75,0.0,True,0.010127361617821323,1.4802612777511214e-225,True
electricity,0,logreg,noise,5,1.0,0.0,True,0.017817613521737562,2.2409006541474836e-216,True
electricity,0,rf,noise,5,1.0,0.0,True,0.017817613521737562,4.7000279585219846e-270,True
electricity,0,hgb,noise,5,1.0,0.0,True,0.017817613521737562,0.0,True
electricity,0,logreg,missing,1,0.1,4.0312671125416633e-16,True,0.0524779011196099,0.00044018582228503526,True
electricity,0,rf,missing,1,0.1,4.0312671125416633e-16,True,0.0524779011196099,4.923038582430504e-10,True
electricity,0,hgb,missing,1,0.1,4.0312671125416633e-16,True,0.0524779011196099,0.0003983474488158277,True
electricity,0,logreg,missing,2,0.2,9.558947206650023e-62,True,0.10809785397393777,1.0564586419136395e-14,True
electricity,0,rf,missing,2,0.2,9.558947206650023e-62,True,0.10809785397393777,4.0735106891780686e-26,True
electricity,0,hgb,missing,2,0.2,9.558947206650023e-62,True,0.10809785397393777,1.569147942835014e-13,True
electricity,0,logreg,missing,3,0.3,7.78673957125422e-139,True,0.17945414417705552,1.2961162580378797e-29,True
electricity,0,rf,missing,3,0.3,7.78673957125422e-139,True,0.17945414417705552,1.643769835740598e-51,True
electricity,0,hgb,missing,3,0.3,7.78673957125422e-139,True,0.17945414417705552,5.585607319928899e-35,True
electricity,0,logreg,missing,4,0.4,1.3156066886766047e-249,True,0.23171421833130798,5.571211096225814e-56,True
electricity,0,rf,missing,4,0.4,1.3156066886766047e-249,True,0.23171421833130798,4.11323415798601e-73,True
electricity,0,hgb,missing,4,0.4,1.3156066886766047e-249,True,0.23171421833130798,1.505452728893822e-93,True
electricity,0,logreg,missing,5,0.5,0.0,True,0.28480589071881274,1.0601631866211097e-100,True
electricity,0,rf,missing,5,0.5,0.0,True,0.28480589071881274,1.5353194996789184e-105,True
electricity,0,hgb,missing,5,0.5,0.0,True,0.28480589071881274,2.8141124504340676e-139,True
electricity,0,logreg,quantize,1,32.0,0.0,True,0.0271878044392954,0.9681018301542917,False
electricity,0,rf,quantize,1,32.0,0.0,True,0.0271878044392954,9.764049768760153e-17,True
electricity,0,hgb,quantize,1,32.0,0.0,True,0.0271878044392954,3.0397356983629097e-20,True
electricity,0,logreg,quantize,2,16.0,0.0,True,0.03701994912713909,0.3686406662746591,False
electricity,0,rf,quantize,2,16.0,0.0,True,0.03701994912713909,4.140928173392665e-21,True
electricity,0,hgb,quantize,2,16.0,0.0,True,0.03701994912713909,7.43713225442339e-174,True
electricity,0,logreg,quantize,3,8.0,0.0,True,0.07814825269651667,0.0295800114357353,False
electricity,0,rf,quantize,3,8.0,0.0,True,0.07814825269651667,6.60160304470634e-125,True
electricity,0,hgb,quantize,3,8.0,0.0,True,0.07814825269651667,8.373737533066023e-55,True
electricity,0,logreg,quantize,4,4.0,0.0,True,0.2015066166210688,3.875803982611795e-07,True
electricity,0,rf,quantize,4,4.0,0.0,True,0.2015066166210688,1.3962894490936285e-240,True
electricity,0,hgb,quantize,4,4.0,0.0,True,0.2015066166210688,3.037612332315762e-226,True
electricity,0,logreg,quantize,5,2.0,0.0,True,0.4202442037227345,0.0,True
electricity,0,rf,quantize,5,2.0,0.0,True,0.4202442037227345,0.0,True
electricity,0,hgb,quantize,5,2.0,0.0,True,0.4202442037227345,0.0,True
electricity,0,logreg,gradual,1,0.2,0.0,True,0.3012494142810227,0.0,True
electricity,0,rf,gradual,1,0.2,0.0,True,0.3012494142810227,2.2492350066307573e-169,True
electricity,0,hgb,gradual,1,0.2,0.0,True,0.3012494142810227,1.479812515732579e-255,True
electricity,0,logreg,gradual,2,0.4,0.0,True,0.6024988285620457,0.0,True
electricity,0,rf,gradual,2,0.4,0.0,True,0.6024988285620457,0.0,True
electricity,0,hgb,gradual,2,0.4,0.0,True,0.6024988285620457,0.0,True
electricity,0,logreg,gradual,3,0.6,0.0,True,0.9037482428430684,0.0,True
electricity,0,rf,gradual,3,0.6,0.0,True,0.9037482428430684,0.0,True
electricity,0,hgb,gradual,3,0.6,0.0,True,0.9037482428430684,0.0,True
electricity,0,logreg,gradual,4,0.8,0.0,True,1.204997657124091,0.0,True
electricity,0,rf,gradual,4,0.8,0.0,True,1.204997657124091,0.0,True
electricity,0,hgb,gradual,4,0.8,0.0,True,1.204997657124091,0.0,True
electricity,0,logreg,gradual,5,1.0,0.0,True,1.5062470714051137,0.0,True
electricity,0,rf,gradual,5,1.0,0.0,True,1.5062470714051137,0.0,True
electricity,0,hgb,gradual,5,1.0,0.0,True,1.5062470714051137,0.0,True
electricity,1,logreg,mean_shift,1,0.25,0.0,True,0.2500000000000001,4.514241522151412e-226,True
electricity,1,rf,mean_shift,1,0.25,0.0,True,0.2500000000000001,0.0,True
electricity,1,hgb,mean_shift,1,0.25,0.0,True,0.2500000000000001,5.4504307162920026e-279,True
electricity,1,logreg,mean_shift,2,0.5,0.0,True,0.5,0.0,True
electricity,1,rf,mean_shift,2,0.5,0.0,True,0.5,0.0,True
electricity,1,hgb,mean_shift,2,0.5,0.0,True,0.5,0.0,True
electricity,1,logreg,mean_shift,3,1.0,0.0,True,1.0000000000000002,0.0,True
electricity,1,rf,mean_shift,3,1.0,0.0,True,1.0000000000000002,0.0,True
electricity,1,hgb,mean_shift,3,1.0,0.0,True,1.0000000000000002,0.0,True
electricity,1,logreg,mean_shift,4,1.5,0.0,True,1.5,0.0,True
electricity,1,rf,mean_shift,4,1.5,0.0,True,1.5,0.0,True
electricity,1,hgb,mean_shift,4,1.5,0.0,True,1.5,0.0,True
electricity,1,logreg,mean_shift,5,2.0,0.0,True,2.000000000000001,0.0,True
electricity,1,rf,mean_shift,5,2.0,0.0,True,2.000000000000001,0.0,True
electricity,1,hgb,mean_shift,5,2.0,0.0,True,2.000000000000001,0.0,True
electricity,1,logreg,noise,1,0.1,4.826336247057246e-302,True,0.0013009182549378743,0.25444157342981255,False
electricity,1,rf,noise,1,0.1,4.826336247057246e-302,True,0.0013009182549378743,3.7541359607377306e-91,True
electricity,1,hgb,noise,1,0.1,4.826336247057246e-302,True,0.0013009182549378743,9.625626933606947e-20,True
electricity,1,logreg,noise,2,0.25,0.0,True,0.004695794280320774,3.8615810500068426e-10,True
electricity,1,rf,noise,2,0.25,0.0,True,0.004695794280320774,1.7373287234963711e-193,True
electricity,1,hgb,noise,2,0.25,0.0,True,0.004695794280320774,3.888489476558442e-54,True
electricity,1,logreg,noise,3,0.5,0.0,True,0.006158002419955942,1.1887384674247491e-52,True
electricity,1,rf,noise,3,0.5,0.0,True,0.006158002419955942,1.1964970316617834e-273,True
electricity,1,hgb,noise,3,0.5,0.0,True,0.006158002419955942,3.703620745821426e-117,True
electricity,1,logreg,noise,4,0.75,0.0,True,0.01110738911830196,1.0216437598121872e-127,True
electricity,1,rf,noise,4,0.75,0.0,True,0.01110738911830196,1.4089051516147233e-292,True
electricity,1,hgb,noise,4,0.75,0.0,True,0.01110738911830196,9.484899024026138e-206,True
electricity,1,logreg,noise,5,1.0,0.0,True,0.014757921475990332,1.0792272060793914e-192,True
electricity,1,rf,noise,5,1.0,0.0,True,0.014757921475990332,1.4639939565333945e-293,True
electricity,1,hgb,noise,5,1.0,0.0,True,0.014757921475990332,9.303914220111599e-294,True
electricity,1,logreg,missing,1,0.1,2.155335982908854e-15,True,0.06268057822343509,0.00036027343835485197,True
electricity,1,rf,missing,1,0.1,2.155335982908854e-15,True,0.06268057822343509,2.0592938889734414e-11,True
electricity,1,hgb,missing,1,0.1,2.155335982908854e-15,True,0.06268057822343509,0.0005107607005108125,True
electricity,1,logreg,missing,2,0.2,9.558947206651508e-62,True,0.11460763995142385,6.4463317130737465e-15,True
electricity,1,rf,missing,2,0.2,9.558947206651508e-62,True,0.11460763995142385,1.1546788208954811e-36,True
electricity,1,hgb,missing,2,0.2,9.558947206651508e-62,True,0.11460763995142385,3.88846924702338e-12,True
electricity,1,logreg,missing,3,0.3,1.0056528221224948e-140,True,0.16600555743308856,5.476669420015798e-34,True
electricity,1,rf,missing,3,0.3,1.0056528221224948e-140,True,0.16600555743308856,1.2228800288279623e-60,True
electricity,1,hgb,missing,3,0.3,1.0056528221224948e-140,True,0.16600555743308856,2.0345999927594483e-37,True
electricity,1,logreg,missing,4,0.4,1.0634310331354621e-252,True,0.22368864754913081,2.9569068452436057e-57,True
electricity,1,rf,missing,4,0.4,1.0634310331354621e-252,True,0.22368864754913081,5.876521717540497e-102,True
electricity,1,hgb,missing,4,0.4,1.0634310331354621e-252,True,0.22368864754913081,3.960955721212221e-92,True
electricity,1,logreg,missing,5,0.5,0.0,True,0.27397286869302434,4.346145615738113e-96,True
electricity,1,rf,missing,5,0.5,0.0,True,0.27397286869302434,1.0123980716201256e-158,True
electricity,1,hgb,missing,5,0.5,0.0,True,0.27397286869302434,1.0187842221647167e-156,True
electricity,1,logreg,quantize,1,32.0,0.0,True,0.036677825368825426,0.8091290905437782,False
electricity,1,rf,quantize,1,32.0,0.0,True,0.036677825368825426,7.238265290895015e-28,True
electricity,1,hgb,quantize,1,32.0,0.0,True,0.036677825368825426,1.0300838604226973e-34,True
electricity,1,logreg,quantize,2,16.0,0.0,True,0.04253748844856706,0.5399884123844196,False
electricity,1,rf,quantize,2,16.0,0.0,True,0.04253748844856706,1.2653366856799865e-32,True
electricity,1,hgb,quantize,2,16.0,0.0,True,0.04253748844856706,1.666762684473956e-172,True
electricity,1,logreg,quantize,3,8.0,0.0,True,0.07822371876676419,0.04934119245038704,False
electricity,1,rf,quantize,3,8.0,0.0,True,0.07822371876676419,8.466815607551342e-104,True
electricity,1,hgb,quantize,3,8.0,0.0,True,0.07822371876676419,1.43545309381788e-52,True
electricity,1,logreg,quantize,4,4.0,0.0,True,0.20041052117234048,2.2704582510696515e-06,True
electricity,1,rf,quantize,4,4.0,0.0,True,0.20041052117234048,6.240825823897947e-276,True
electricity,1,hgb,quantize,4,4.0,0.0,True,0.20041052117234048,5.496835006066148e-236,True
electricity,1,logreg,quantize,5,2.0,0.0,True,0.4142604794957612,2.6770706610565887e-306,True
electricity,1,rf,quantize,5,2.0,0.0,True,0.4142604794957612,0.0,True
electricity,1,hgb,quantize,5,2.0,0.0,True,0.4142604794957612,1.09640230846269e-287,True
electricity,1,logreg,gradual,1,0.2,0.0,True,0.3011277768908845,4.758961064080096e-240,True
electricity,1,rf,gradual,1,0.2,0.0,True,0.3011277768908845,0.0,True
electricity,1,hgb,gradual,1,0.2,0.0,True,0.3011277768908845,0.0,True
electricity,1,logreg,gradual,2,0.4,0.0,True,0.6022555537817689,0.0,True
electricity,1,rf,gradual,2,0.4,0.0,True,0.6022555537817689,0.0,True
electricity,1,hgb,gradual,2,0.4,0.0,True,0.6022555537817689,0.0,True
electricity,1,logreg,gradual,3,0.6,0.0,True,0.9033833306726535,0.0,True
electricity,1,rf,gradual,3,0.6,0.0,True,0.9033833306726535,0.0,True
electricity,1,hgb,gradual,3,0.6,0.0,True,0.9033833306726535,0.0,True
electricity,1,logreg,gradual,4,0.8,0.0,True,1.204511107563538,0.0,True
electricity,1,rf,gradual,4,0.8,0.0,True,1.204511107563538,0.0,True
electricity,1,hgb,gradual,4,0.8,0.0,True,1.204511107563538,0.0,True
electricity,1,logreg,gradual,5,1.0,0.0,True,1.5056388844544226,0.0,True
electricity,1,rf,gradual,5,1.0,0.0,True,1.5056388844544226,0.0,True
electricity,1,hgb,gradual,5,1.0,0.0,True,1.5056388844544226,0.0,True
electricity,2,logreg,mean_shift,1,0.25,0.0,True,0.25,2.8070267753746913e-238,True
electricity,2,rf,mean_shift,1,0.25,0.0,True,0.25,0.0,True
electricity,2,hgb,mean_shift,1,0.25,0.0,True,0.25,0.0,True
electricity,2,logreg,mean_shift,2,0.5,0.0,True,0.49999999999999994,0.0,True
electricity,2,rf,mean_shift,2,0.5,0.0,True,0.49999999999999994,0.0,True
electricity,2,hgb,mean_shift,2,0.5,0.0,True,0.49999999999999994,0.0,True
electricity,2,logreg,mean_shift,3,1.0,0.0,True,1.0,0.0,True
electricity,2,rf,mean_shift,3,1.0,0.0,True,1.0,0.0,True
electricity,2,hgb,mean_shift,3,1.0,0.0,True,1.0,0.0,True
electricity,2,logreg,mean_shift,4,1.5,0.0,True,1.5,0.0,True
electricity,2,rf,mean_shift,4,1.5,0.0,True,1.5,0.0,True
electricity,2,hgb,mean_shift,4,1.5,0.0,True,1.5,0.0,True
electricity,2,logreg,mean_shift,5,2.0,0.0,True,2.0000000000000004,0.0,True
electricity,2,rf,mean_shift,5,2.0,0.0,True,2.0000000000000004,0.0,True
electricity,2,hgb,mean_shift,5,2.0,0.0,True,2.0000000000000004,0.0,True
electricity,2,logreg,noise,1,0.1,0.0,True,0.0008810295174834568,0.8271196286294613,False
electricity,2,rf,noise,1,0.1,0.0,True,0.0008810295174834568,1.2957438878950891e-101,True
electricity,2,hgb,noise,1,0.1,0.0,True,0.0008810295174834568,4.8819910425935045e-25,True
electricity,2,logreg,noise,2,0.25,0.0,True,0.004210745307513737,3.447678780052132e-11,True
electricity,2,rf,noise,2,0.25,0.0,True,0.004210745307513737,2.862345950162292e-191,True
electricity,2,hgb,noise,2,0.25,0.0,True,0.004210745307513737,3.086061114922444e-67,True
electricity,2,logreg,noise,3,0.5,0.0,True,0.007623937122599773,2.6153942425198564e-53,True
electricity,2,rf,noise,3,0.5,0.0,True,0.007623937122599773,3.5802954336283393e-268,True
electricity,2,hgb,noise,3,0.5,0.0,True,0.007623937122599773,3.5573810144937867e-147,True
electricity,2,logreg,noise,4,0.75,0.0,True,0.013844421241851913,8.843751123162292e-125,True
electricity,2,rf,noise,4,0.75,0.0,True,0.013844421241851913,1.729985535742957e-303,True
electricity,2,hgb,noise,4,0.75,0.0,True,0.013844421241851913,7.263241854702493e-259,True
electricity,2,logreg,noise,5,1.0,0.0,True,0.009049331108634658,1.6232127718159775e-196,True
electricity,2,rf,noise,5,1.0,0.0,True,0.009049331108634658,1.487e-320,True
electricity,2,hgb,noise,5,1.0,0.0,True,0.009049331108634658,0.0,True
electricity,2,logreg,missing,1,0.1,4.43491332099218e-15,True,0.059969692016821084,0.000239637707878587,True
electricity,2,rf,missing,1,0.1,4.43491332099218e-15,True,0.059969692016821084,4.250668952259182e-12,True
electricity,2,hgb,missing,1,0.1,4.43491332099218e-15,True,0.059969692016821084,0.008889344503994425,True
electricity,2,logreg,missing,2,0.2,2.770666093498654e-62,True,0.11257138169404958,1.7250030384314274e-14,True
electricity,2,rf,missing,2,0.2,2.770666093498654e-62,True,0.11257138169404958,6.067514990381519e-41,True
electricity,2,hgb,missing,2,0.2,2.770666093498654e-62,True,0.11257138169404958,2.955654292710928e-07,True
electricity,2,logreg,missing,3,0.3,3.03212715219134e-149,True,0.17009749033243285,8.611273496698623e-34,True
electricity,2,rf,missing,3,0.3,3.03212715219134e-149,True,0.17009749033243285,1.5974209249473617e-70,True
electricity,2,hgb,missing,3,0.3,3.03212715219134e-149,True,0.17009749033243285,1.4149237995950831e-22,True
electricity,2,logreg,missing,4,0.4,3.5262701108585603e-256,True,0.2240680634860936,5.984400634960841e-63,True
electricity,2,rf,missing,4,0.4,3.5262701108585603e-256,True,0.2240680634860936,1.88043361094258e-103,True
electricity,2,hgb,missing,4,0.4,3.5262701108585603e-256,True,0.2240680634860936,7.897557555263728e-57,True
electricity,2,logreg,missing,5,0.5,0.0,True,0.28188000751294434,2.5981874948144048e-95,True
electricity,2,rf,missing,5,0.5,0.0,True,0.28188000751294434,8.161395444606327e-140,True
electricity,2,hgb,missing,5,0.5,0.0,True,0.28188000751294434,5.212189150959632e-119,True
electricity,2,logreg,quantize,1,32.0,0.0,True,0.021880578985991567,0.9889850588181687,False
electricity,2,rf,quantize,1,32.0,0.0,True,0.021880578985991567,4.3287693881975655e-39,True
electricity,2,hgb,quantize,1,32.0,0.0,True,0.021880578985991567,6.961655471318277e-13,True
electricity,2,logreg,quantize,2,16.0,0.0,True,0.041111463763182324,0.43652558597339153,False
electricity,2,rf,quantize,2,16.0,0.0,True,0.041111463763182324,1.7034096662401907e-19,True
electricity,2,hgb,quantize,2,16.0,0.0,True,0.041111463763182324,9.187781211234688e-182,True
electricity,2,logreg,quantize,3,8.0,0.0,True,0.08342464763974264,0.07254611095657759,False
electricity,2,rf,quantize,3,8.0,0.0,True,0.08342464763974264,2.781561176015317e-148,True
electricity,2,hgb,quantize,3,8.0,0.0,True,0.08342464763974264,2.188733755634321e-54,True
electricity,2,logreg,quantize,4,4.0,0.0,True,0.2093240225100998,5.42072339386906e-07,True
electricity,2,rf,quantize,4,4.0,0.0,True,0.2093240225100998,2.3115586071249516e-265,True
electricity,2,hgb,quantize,4,4.0,0.0,True,0.2093240225100998,1.8716112884431335e-261,True
electricity,2,logreg,quantize,5,2.0,0.0,True,0.4361839417352556,0.0,True
electricity,2,rf,quantize,5,2.0,0.0,True,0.4361839417352556,0.0,True
electricity,2,hgb,quantize,5,2.0,0.0,True,0.4361839417352556,1.9235188436574897e-289,True
electricity,2,logreg,gradual,1,0.2,0.0,True,0.3009657682934728,6.625373410782842e-252,True
electricity,2,rf,gradual,1,0.2,0.0,True,0.3009657682934728,0.0,True
electricity,2,hgb,gradual,1,0.2,0.0,True,0.3009657682934728,0.0,True
electricity,2,logreg,gradual,2,0.4,0.0,True,0.601931536586945,0.0,True
electricity,2,rf,gradual,2,0.4,0.0,True,0.601931536586945,0.0,True
electricity,2,hgb,gradual,2,0.4,0.0,True,0.601931536586945,0.0,True
electricity,2,logreg,gradual,3,0.6,0.0,True,0.9028973048804174,0.0,True
electricity,2,rf,gradual,3,0.6,0.0,True,0.9028973048804174,0.0,True
electricity,2,hgb,gradual,3,0.6,0.0,True,0.9028973048804174,0.0,True
electricity,2,logreg,gradual,4,0.8,0.0,True,1.20386307317389,0.0,True
electricity,2,rf,gradual,4,0.8,0.0,True,1.20386307317389,0.0,True
electricity,2,hgb,gradual,4,0.8,0.0,True,1.20386307317389,0.0,True
electricity,2,logreg,gradual,5,1.0,0.0,True,1.504828841467362,0.0,True
electricity,2,rf,gradual,5,1.0,0.0,True,1.504828841467362,0.0,True
electricity,2,hgb,gradual,5,1.0,0.0,True,1.504828841467362,0.0,True
electricity,3,logreg,mean_shift,1,0.25,0.0,True,0.25000000000000006,3.420859498594536e-212,True
electricity,3,rf,mean_shift,1,0.25,0.0,True,0.25000000000000006,0.0,True
electricity,3,hgb,mean_shift,1,0.25,0.0,True,0.25000000000000006,1.9720638419296508e-270,True
electricity,3,logreg,mean_shift,2,0.5,0.0,True,0.5000000000000004,0.0,True
electricity,3,rf,mean_shift,2,0.5,0.0,True,0.5000000000000004,0.0,True
electricity,3,hgb,mean_shift,2,0.5,0.0,True,0.5000000000000004,0.0,True
electricity,3,logreg,mean_shift,3,1.0,0.0,True,1.0000000000000004,0.0,True
electricity,3,rf,mean_shift,3,1.0,0.0,True,1.0000000000000004,0.0,True
electricity,3,hgb,mean_shift,3,1.0,0.0,True,1.0000000000000004,0.0,True
electricity,3,logreg,mean_shift,4,1.5,0.0,True,1.5000000000000004,0.0,True
electricity,3,rf,mean_shift,4,1.5,0.0,True,1.5000000000000004,0.0,True
electricity,3,hgb,mean_shift,4,1.5,0.0,True,1.5000000000000004,0.0,True
electricity,3,logreg,mean_shift,5,2.0,0.0,True,2.0000000000000004,0.0,True
electricity,3,rf,mean_shift,5,2.0,0.0,True,2.0000000000000004,0.0,True
electricity,3,hgb,mean_shift,5,2.0,0.0,True,2.0000000000000004,0.0,True
electricity,3,logreg,noise,1,0.1,0.0,True,0.0014344292947408137,0.5498609307468307,False
electricity,3,rf,noise,1,0.1,0.0,True,0.0014344292947408137,2.00797454711088e-105,True
electricity,3,hgb,noise,1,0.1,0.0,True,0.0014344292947408137,2.1050004433434964e-28,True
electricity,3,logreg,noise,2,0.25,0.0,True,0.004220967835554232,8.182835031520768e-09,True
electricity,3,rf,noise,2,0.25,0.0,True,0.004220967835554232,5.200209742552557e-193,True
electricity,3,hgb,noise,2,0.25,0.0,True,0.004220967835554232,7.059670186469008e-62,True
electricity,3,logreg,noise,3,0.5,0.0,True,0.0064292113535530295,6.399142356861016e-46,True
electricity,3,rf,noise,3,0.5,0.0,True,0.0064292113535530295,2.595186079026804e-258,True
electricity,3,hgb,noise,3,0.5,0.0,True,0.0064292113535530295,4.518891207049643e-138,True
electricity,3,logreg,noise,4,0.75,0.0,True,0.013893216921439045,4.459300850184539e-115,True
electricity,3,rf,noise,4,0.75,0.0,True,0.013893216921439045,6.240825823897947e-276,True
electricity,3,hgb,noise,4,0.75,0.0,True,0.013893216921439045,2.862345950162292e-191,True
electricity,3,logreg,noise,5,1.0,0.0,True,0.01786279456318595,8.151210866129693e-176,True
electricity,3,rf,noise,5,1.0,0.0,True,0.01786279456318595,1.5084388433007263e-285,True
electricity,3,hgb,noise,5,1.0,0.0,True,0.01786279456318595,2.8784423983547863e-277,True
electricity,3,logreg,missing,1,0.1,2.1290284448823573e-16,True,0.05938545798723456,0.00039834744881581265,True
electricity,3,rf,missing,1,0.1,2.1290284448823573e-16,True,0.05938545798723456,1.8488558241477702e-10,True
electricity,3,hgb,missing,1,0.1,2.1290284448823573e-16,True,0.05938545798723456,0.004053992871605238,True
electricity,3,logreg,missing,2,0.2,1.174413133503159e-61,True,0.11345307360645189,7.344932513293173e-14,True
electricity,3,rf,missing,2,0.2,1.174413133503159e-61,True,0.11345307360645189,3.009728993171786e-29,True
electricity,3,hgb,missing,2,0.2,1.174413133503159e-61,True,0.11345307360645189,1.3276302649962657e-10,True
electricity,3,logreg,missing,3,0.3,1.0611649146779065e-138,True,0.1663983512823062,1.1257404826798241e-29,True
electricity,3,rf,missing,3,0.3,1.0611649146779065e-138,True,0.1663983512823062,4.58558889097623e-56,True
electricity,3,hgb,missing,3,0.3,1.0611649146779065e-138,True,0.1663983512823062,8.779741185167976e-36,True
electricity,3,logreg,missing,4,0.4,1.6065593711955477e-248,True,0.22726179837654437,6.490695031376167e-57,True
electricity,3,rf,missing,4,0.4,1.6065593711955477e-248,True,0.22726179837654437,2.6824387103443443e-87,True
electricity,3,hgb,missing,4,0.4,1.6065593711955477e-248,True,0.22726179837654437,4.9062360560416974e-79,True
electricity,3,logreg,missing,5,0.5,0.0,True,0.27914170549709966,1.9853595804033687e-89,True
electricity,3,rf,missing,5,0.5,0.0,True,0.27914170549709966,7.599763162401315e-128,True
electricity,3,hgb,missing,5,0.5,0.0,True,0.27914170549709966,1.1807772592777984e-142,True
electricity,3,logreg,quantize,1,32.0,0.0,True,0.03828946855904659,0.809129090543792,False
electricity,3,rf,quantize,1,32.0,0.0,True,0.03828946855904659,2.63997565711089e-41,True
electricity,3,hgb,quantize,1,32.0,0.0,True,0.03828946855904659,7.766176847506758e-22,True
electricity,3,logreg,quantize,2,16.0,0.0,True,0.041073532289407653,0.3849629939349233,False
electricity,3,rf,quantize,2,16.0,0.0,True,0.041073532289407653,1.9201481541719522e-39,True
electricity,3,hgb,quantize,2,16.0,0.0,True,0.041073532289407653,5.849210279576423e-134,True
electricity,3,logreg,quantize,3,8.0,0.0,True,0.0767300084081,0.008540797464392926,True
electricity,3,rf,quantize,3,8.0,0.0,True,0.0767300084081,1.2024412844090193e-132,True
electricity,3,hgb,quantize,3,8.0,0.0,True,0.0767300084081,2.393782388120287e-114,True
electricity,3,logreg,quantize,4,4.0,0.0,True,0.19639664702229023,8.182835031520768e-09,True
electricity,3,rf,quantize,4,4.0,0.0,True,0.19639664702229023,1.051292147748043e-173,True
electricity,3,hgb,quantize,4,4.0,0.0,True,0.19639664702229023,1.1029632551435276e-263,True
electricity,3,logreg,quantize,5,2.0,0.0,True,0.4050937793765931,0.0,True
electricity,3,rf,quantize,5,2.0,0.0,True,0.4050937793765931,0.0,True
electricity,3,hgb,quantize,5,2.0,0.0,True,0.4050937793765931,0.0,True
electricity,3,logreg,gradual,1,0.2,0.0,True,0.30297780543786323,1.5718950015398988e-214,True
electricity,3,rf,gradual,1,0.2,0.0,True,0.30297780543786323,0.0,True
electricity,3,hgb,gradual,1,0.2,0.0,True,0.30297780543786323,0.0,True
electricity,3,logreg,gradual,2,0.4,0.0,True,0.6059556108757261,0.0,True
electricity,3,rf,gradual,2,0.4,0.0,True,0.6059556108757261,0.0,True
electricity,3,hgb,gradual,2,0.4,0.0,True,0.6059556108757261,0.0,True
electricity,3,logreg,gradual,3,0.6,0.0,True,0.9089334163135894,0.0,True
electricity,3,rf,gradual,3,0.6,0.0,True,0.9089334163135894,0.0,True
electricity,3,hgb,gradual,3,0.6,0.0,True,0.9089334163135894,0.0,True
electricity,3,logreg,gradual,4,0.8,0.0,True,1.2119112217514525,0.0,True
electricity,3,rf,gradual,4,0.8,0.0,True,1.2119112217514525,0.0,True
electricity,3,hgb,gradual,4,0.8,0.0,True,1.2119112217514525,0.0,True
electricity,3,logreg,gradual,5,1.0,0.0,True,1.5148890271893154,0.0,True
electricity,3,rf,gradual,5,1.0,0.0,True,1.5148890271893154,0.0,True
electricity,3,hgb,gradual,5,1.0,0.0,True,1.5148890271893154,0.0,True
electricity,4,logreg,mean_shift,1,0.25,0.0,True,0.25000000000000017,1.4802612777515635e-225,True
electricity,4,rf,mean_shift,1,0.25,0.0,True,0.25000000000000017,0.0,True
electricity,4,hgb,mean_shift,1,0.25,0.0,True,0.25000000000000017,0.0,True
electricity,4,logreg,mean_shift,2,0.5,0.0,True,0.5000000000000003,0.0,True
electricity,4,rf,mean_shift,2,0.5,0.0,True,0.5000000000000003,0.0,True
electricity,4,hgb,mean_shift,2,0.5,0.0,True,0.5000000000000003,0.0,True
electricity,4,logreg,mean_shift,3,1.0,0.0,True,1.0000000000000002,0.0,True
electricity,4,rf,mean_shift,3,1.0,0.0,True,1.0000000000000002,0.0,True
electricity,4,hgb,mean_shift,3,1.0,0.0,True,1.0000000000000002,0.0,True
electricity,4,logreg,mean_shift,4,1.5,0.0,True,1.5000000000000004,0.0,True
electricity,4,rf,mean_shift,4,1.5,0.0,True,1.5000000000000004,0.0,True
electricity,4,hgb,mean_shift,4,1.5,0.0,True,1.5000000000000004,0.0,True
electricity,4,logreg,mean_shift,5,2.0,0.0,True,2.0000000000000004,0.0,True
electricity,4,rf,mean_shift,5,2.0,0.0,True,2.0000000000000004,0.0,True
electricity,4,hgb,mean_shift,5,2.0,0.0,True,2.0000000000000004,0.0,True
electricity,4,logreg,noise,1,0.1,0.0,True,0.0021447652400164636,0.5597939659246138,False
electricity,4,rf,noise,1,0.1,0.0,True,0.0021447652400164636,2.598187494814155e-95,True
electricity,4,hgb,noise,1,0.1,0.0,True,0.0021447652400164636,6.321024003999099e-25,True
electricity,4,logreg,noise,2,0.25,0.0,True,0.0037215129167597477,2.2717558553516255e-12,True
electricity,4,rf,noise,2,0.25,0.0,True,0.0037215129167597477,4.465805518947093e-164,True
electricity,4,hgb,noise,2,0.25,0.0,True,0.0037215129167597477,5.333654647778183e-57,True
electricity,4,logreg,noise,3,0.5,0.0,True,0.008257698647489773,2.1015032758482383e-56,True
electricity,4,rf,noise,3,0.5,0.0,True,0.008257698647489773,1.2434824016074781e-238,True
electricity,4,hgb,noise,3,0.5,0.0,True,0.008257698647489773,1.4414871714264736e-103,True
electricity,4,logreg,noise,4,0.75,0.0,True,0.009164057756997324,1.6640502617816247e-122,True
electricity,4,rf,noise,4,0.75,0.0,True,0.009164057756997324,1.4798125157328145e-255,True
electricity,4,hgb,noise,4,0.75,0.0,True,0.009164057756997324,2.1345946083538743e-195,True
electricity,4,logreg,noise,5,1.0,0.0,True,0.009509226341615738,3.241883694144643e-200,True
electricity,4,rf,noise,5,1.0,0.0,True,0.009509226341615738,6.864733641042309e-273,True
electricity,4,hgb,noise,5,1.0,0.0,True,0.009509226341615738,2.0299353391903765e-259,True
electricity,4,logreg,missing,1,0.1,7.592642029355854e-16,True,0.06074145362822984,0.000252297886734268,True
electricity,4,rf,missing,1,0.1,7.592642029355854e-16,True,0.06074145362822984,1.8968957622341645e-12,True
electricity,4,hgb,missing,1,0.1,7.592642029355854e-16,True,0.06074145362822984,0.006428494097827299,True
electricity,4,logreg,missing,2,0.2,2.772234494871645e-65,True,0.11217280826952171,1.0560862640566254e-15,True
electricity,4,rf,missing,2,0.2,2.772234494871645e-65,True,0.11217280826952171,9.722608300557441e-39,True
electricity,4,hgb,missing,2,0.2,2.772234494871645e-65,True,0.11217280826952171,2.9052276841740947e-11,True
electricity,4,logreg,missing,3,0.3,1.969878715303388e-138,True,0.16153377289938858,6.369390237404791e-34,True
electricity,4,rf,missing,3,0.3,1.969878715303388e-138,True,0.16153377289938858,3.2042620694726043e-66,True
electricity,4,hgb,missing,3,0.3,1.969878715303388e-138,True,0.16153377289938858,1.3248190435346915e-31,True
electricity,4,logreg,missing,4,0.4,2.1736894353129273e-258,True,0.22726104726932572,2.651267883757397e-54,True
electricity,4,rf,missing,4,0.4,2.1736894353129273e-258,True,0.22726104726932572,7.053067420889418e-94,True
electricity,4,hgb,missing,4,0.4,2.1736894353129273e-258,True,0.22726104726932572,3.108612427063783e-62,True
electricity,4,logreg,missing,5,0.5,0.0,True,0.28673864884685185,4.1001558667017445e-99,True
electricity,4,rf,missing,5,0.5,0.0,True,0.28673864884685185,3.372818620741769e-143,True
electricity,4,hgb,missing,5,0.5,0.0,True,0.28673864884685185,1.5864030485534692e-124,True
electricity,4,logreg,quantize,1,32.0,0.0,True,0.031900428199665945,0.8610699120143165,False
electricity,4,rf,quantize,1,32.0,0.0,True,0.031900428199665945,5.090694359896281e-39,True
electricity,4,hgb,quantize,1,32.0,0.0,True,0.031900428199665945,5.837304844085932e-15,True
electricity,4,logreg,quantize,2,16.0,0.0,True,0.04499530505943922,0.21357323791262306,False
electricity,4,rf,quantize,2,16.0,0.0,True,0.04499530505943922,5.89928454093668e-72,True
electricity,4,hgb,quantize,2,16.0,0.0,True,0.04499530505943922,1.0150873806520688e-54,True
electricity,4,logreg,quantize,3,8.0,0.0,True,0.07934219815359471,0.00017541287630603244,True
electricity,4,rf,quantize,3,8.0,0.0,True,0.07934219815359471,3.70362074582103e-117,True
electricity,4,hgb,quantize,3,8.0,0.0,True,0.07934219815359471,2.448570384029716e-168,True
electricity,4,logreg,quantize,4,4.0,0.0,True,0.20334609665376507,4.434370212074277e-07,True
electricity,4,rf,quantize,4,4.0,0.0,True,0.20334609665376507,4.2034304899736527e-128,True
electricity,4,hgb,quantize,4,4.0,0.0,True,0.20334609665376507,1.1807772592777984e-142,True
electricity,4,logreg,quantize,5,2.0,0.0,True,0.4171650393731327,3.3716067694e-314,True
electricity,4,rf,quantize,5,2.0,0.0,True,0.4171650393731327,0.0,True
electricity,4,hgb,quantize,5,2.0,0.0,True,0.4171650393731327,3.182499504650363e-278,True
electricity,4,logreg,gradual,1,0.2,0.0,True,0.30045628349684467,6.48141602189738e-231,True
electricity,4,rf,gradual,1,0.2,0.0,True,0.30045628349684467,0.0,True
electricity,4,hgb,gradual,1,0.2,0.0,True,0.30045628349684467,0.0,True
electricity,4,logreg,gradual,2,0.4,0.0,True,0.60091256699369,0.0,True
electricity,4,rf,gradual,2,0.4,0.0,True,0.60091256699369,0.0,True
electricity,4,hgb,gradual,2,0.4,0.0,True,0.60091256699369,0.0,True
electricity,4,logreg,gradual,3,0.6,0.0,True,0.9013688504905336,0.0,True
electricity,4,rf,gradual,3,0.6,0.0,True,0.9013688504905336,0.0,True
electricity,4,hgb,gradual,3,0.6,0.0,True,0.9013688504905336,0.0,True
electricity,4,logreg,gradual,4,0.8,0.0,True,1.2018251339873787,0.0,True
electricity,4,rf,gradual,4,0.8,0.0,True,1.2018251339873787,0.0,True
electricity,4,hgb,gradual,4,0.8,0.0,True,1.2018251339873787,0.0,True
electricity,4,logreg,gradual,5,1.0,0.0,True,1.5022814174842225,0.0,True
electricity,4,rf,gradual,5,1.0,0.0,True,1.5022814174842225,0.0,True
electricity,4,hgb,gradual,5,1.0,0.0,True,1.5022814174842225,0.0,True
